55890,1532,186746,-114861,82874,-112568
55890,1532,186746,-114768,82849,-112475
55890,1532,186746,-114768,82849,-112475
55890,1532,186746,-114768,82849,-112475
55890,1532,186746,-114768,82849,-112475
55890,1532,186746,-114768,82849,-112475
55890,1532,186746,-114768,82849,-112475
55890,1532,186746,-114768,82849,-112475
55890,1532,186746,-114768,82849,-112475
55890,1532,186746,-114768,82849,-112475
55890,1532,186746,-114768,82849,-112475
55890,1532,186746,-114768,82849,-112475
55890,1532,186746,-114768,82849,-112475
55890,1532,186746,-114768,82849,-112475
55890,1532,186746,-114768,82849,-112475
55890,1532,186746,-114768,82849,-112475
55890,1532,186746,-114768,82849,-112475
55890,1532,186746,-114768,82849,-112475
55890,1532,186746,-114768,82849,-112475
55890,1532,186746,-114768,82849,-112475
55890,1532,186746,-114768,82849,-112475
55890,1532,186746,-114768,82849,-112475
55890,1532,186746,-114768,82849,-112475
55890,1532,186746,-114768,82849,-112475
55890,1532,186746,-114768,82849,-112475
55890,1532,186746,-114768,82849,-112475
55890,1532,186746,-114768,82849,-112475
55890,1532,186746,-114768,82849,-112475
55890,1532,186746,-114768,82849,-112475
55890,1532,186746,-114768,82849,-112475
55890,1532,186746,-114768,82849,-112475
55890,1532,186746,-114768,82849,-112475
55890,1532,186746,-114768,82849,-112475
55890,1532,186746,-114768,82849,-112475
55890,1532,186746,-114768,82849,-112475
55890,1532,186746,-114768,82849,-112475
55890,1532,186746,-114768,82849,-112475
55893,1539,186801,-114515,82864,-112219
55900,1558,186949,-113829,82902,-111527
55900,1558,186949,-113829,82902,-111527
55908,1583,187146,-112906,82952,-110595
55908,1583,187146,-113673,83169,-111367
55928,1645,187634,-112073,83398,-109928
55950,1729,188292,-109360,83880,-106911
55982,1906,189685,-101453,84262,-99040
55991,2040,190744,-94851,84422,-92386
55986,2197,191992,-86648,84497,-84186
55974,2292,192750,-81662,84528,-79099
55963,2354,193246,-78332,84529,-75744
55964,2351,193217,-78215,84674,-75627
55881,2272,193416,-80490,84852,-77937
55595,2166,195107,-80860,84948,-78361
55229,2063,197351,-80035,84941,-77592
54933,2023,199359,-77090,84951,-74673
54676,2009,201152,-73521,84961,-71116
54357,1933,203163,-71452,84939,-70182
54096,1887,204443,-70867,84929,-67749
53887,1848,205602,-69856,84924,-67539
53655,1806,206867,-68709,84890,-66414
53266,1687,208441,-68401,84920,-67152
52744,1575,211122,-66947,85120,-64766
52356,1490,212890,-65641,85214,-63501
51900,1405,214989,-62867,85373,-60766
51189,1291,218416,-56873,85475,-56257
50250,1190,222490,-52005,85250,-50006
49623,1112,225143,-48964,85098,-47001
48955,1053,227988,-44762,84904,-42824
48291,968,230569,-42658,84721,-40760
47543,864,233308,-40877,84648,-39924
46850,750,235668,-39901,84466,-38103
45800,578,239078,-38679,84353,-36959
44658,386,242577,-37693,84266,-36060
43895,269,244870,-36870,84182,-35289
43386,197,245769,-35928,84153,-35032
42810,147,248265,-34689,83902,-33159
42252,67,249863,-34094,83829,-32599
41715,-31,251240,-34093,83918,-33119
40811,-168,256391,-32076,83918,-33119
37850,-641,258913,-32188,83321,-30428
36432,-860,265288,-31563,83241,-29608
34486,-1143,271237,-29827,83158,-28875
34486,-1143,275008,-29954,83453,-30101
31105,-1753,277003,-31697,83665,-30986
30661,-1880,283339,-36716,83891,-33323
31107,-2501,284176,-38438,84398,-39283
31107,-2501,290003,-45898,84398,-39283
33020,-2721,294473,-57774,85375,-57655
33719,-2674,296337,-59009,85451,-58784
34105,-2786,298799,-62745,85345,-62695
35742,-2724,298799,-62745,85431,-69005
38041,-2694,302887,-74128,85431,-69005
38041,-2694,305545,-78140,85431,-69005
43061,-2487,313116,-91504,85469,-84886
46925,-2357,316293,-97797,85469,-84886
49778,-2207,316293,-97797,84997,-105569
54454,-1962,324689,-110421,84821,-107654
58538,-1747,324689,-110421,84661,-111960
62860,-1520,334401,-123665,84192,-120532
65331,-1418,334401,-123665,83528,-128759
70702,-1236,341112,-132930,82964,-133922
70702,-1236,346571,-138150,82782,-136436
77989,-851,346571,-138150,82472,-140586
81957,-525,353952,-145820,82340,-142758
85795,-227,356794,-150721,81953,-150428
88612,37,356794,-150721,81953,-150428
89248,40,356794,-150721,80972,-155105
89248,40,356794,-150721,80972,-155105
89248,40,368043,-160474,80418,-158369
105024,1184,371385,-162622,79937,-160254
109800,1790,374714,-164197,79146,-164253
109800,1790,376950,-164986,78795,-164223
115811,4046,382738,-165766,78639,-163861
120858,7309,384885,-166617,78639,-163861
126624,11730,384885,-166617,77809,-163619
127302,12389,392906,-167391,77259,-161280
132553,17611,400863,-167798,77052,-159743
138321,24168,403505,-167830,77012,-158621
141917,28226,405555,-167232,76691,-156862
145290,32147,407471,-166732,76691,-156862
147241,34307,408713,-166660,76691,-156862
151023,38566,408713,-166660,75862,-153794
151743,39320,408186,-167586,75006,-153408
158467,47935,405893,-168345,74192,-153332
163147,53313,402723,-171704,72834,-155248
166432,57711,400339,-173862,71972,-156540
168146,59983,398818,-174892,71513,-157137
170389,62809,397315,-175795,70904,-157595
173315,66531,394087,-176596,70070,-157673
176183,70172,391322,-177046,69241,-157521
178944,73863,388489,-178127,68413,-158017
181786,77645,385917,-179179,67806,-158515
184652,81343,383321,179791,67226,-159048
187452,85115,380588,178857,66604,-159480
190067,88819,378119,178450,65857,-159408
192626,92248,376599,178411,65304,-159047
194626,94921,376617,178437,65017,-158775
197545,99379,376947,178717,64821,-158122
199273,102625,378278,179380,64830,-156920
201710,107913,379937,180000,64750,-155599
204679,113987,382403,180000,64547,-154777
207024,118190,384063,-179873,64173,-154769
208711,121269,385205,-179601,63478,-154519
211069,125359,386950,-179104,62781,-154046
213294,129648,388064,-178779,61772,-153740
215034,133316,388328,-178566,61073,-153758
217460,138993,388182,-178259,59241,-153072
219096,144087,387639,-178570,58224,-153133
220351,148185,386797,-178767,56917,-153262
221864,153250,384930,-178990,55437,-153335
223458,158213,383107,-178899,54034,-153145
224629,162618,380617,-179094,52109,-153541
225757,166210,377949,-179430,50055,-154387
226761,168942,374864,-179803,47771,-155529
227087,170222,371749,-179779,45459,-156400
228317,171708,367876,179639,42981,-158151
228193,171706,365082,179446,40697,-159264
228020,172322,362545,178976,38573,-160354
227045,172833,359949,178264,36381,-161514
226508,173726,358691,177577,35066,-162251
225310,176494,356046,176584,33444,-162828
223856,179027,354593,175858,32461,-163048
222934,182898,351856,175462,31614,-162855
221787,186971,349759,175329,30888,-162322
220747,191753,349168,174942,30389,-161867
220186,196715,348825,174705,30242,-161296
219789,201520,348701,174610,30183,-160654
219672,206228,348609,174555,30164,-160121
220109,210446,348141,174596,30097,-159597
220805,213664,347540,174644,30009,-159249
222068,217125,346018,174530,29591,-159289
224299,220224,344256,174641,29323,-159213
226770,222879,342194,174745,28903,-159309
229228,225409,340151,175003,28291,-159368
231429,227703,338533,175209,27921,-159301
234021,230421,337796,175273,27766,-159327
237875,234621,335889,175377,27479,-159358
241505,238442,332434,175659,26966,-159248
244767,241627,332034,175758,27089,-159196
248488,245284,330175,176012,26922,-159090
251602,248569,327955,176130,26715,-159036
254421,251528,326598,176223,26545,-159016
256939,254166,325546,176299,26407,-159007
259117,256222,324421,176529,26073,-159071
260771,257931,323741,176573,25883,-159194
263100,260307,323520,176538,25939,-159309
265402,262699,323236,176504,25863,-159499
267747,265399,323143,176211,25759,-160009
269685,267952,324226,175713,25784,-160541
272184,271035,323733,175355,25553,-161085
274519,274350,322607,175013,25096,-161409
276632,278647,319693,174735,24438,-161560
278104,282158,319624,174409,24099,-161868
279254,286643,316694,174509,23638,-161577
279587,291682,315093,174659,23249,-161221
280073,295604,311926,174780,22651,-161121
279392,299720,309579,175001,22040,-160945
278304,302795,307548,175087,21220,-161128
276505,304816,306552,175190,20498,-161183
274375,307601,304391,175463,19667,-161036
272603,309376,302738,175602,19010,-161050
271287,310439,301418,175791,18542,-161140
269845,312298,299357,176037,18092,-160879
269248,313592,297439,176152,17728,-160831
268339,315227,295261,176322,17401,-160654
268227,316339,293669,176358,17166,-160559
268623,317427,291005,176529,16847,-160550
268942,318135,288915,176589,16497,-160547
269402,318704,287067,176728,16281,-160507
270007,319162,284816,177048,16007,-160419
270381,319306,283940,177229,15971,-160376
270577,319548,283129,177249,15869,-160504
270577,319548,283129,177249,15869,-160504
270577,319548,283129,177249,15869,-160504
270685,319462,283144,177299,15912,-160593
270955,319519,282608,177408,15903,-160673
271247,319535,282400,177511,15956,-160759
271898,319670,281928,177753,16067,-160763
272416,319579,281321,178038,16148,-160782
273006,319249,281122,178426,16347,-160734
273357,319293,280484,178623,16356,-160661
273676,319042,280540,178838,16498,-160666
273795,318948,280565,178944,16561,-160625
273795,318948,280561,179064,16559,-160153
273795,318948,280561,179175,16565,-159764
273795,318948,280561,179288,16570,-159366
273795,318948,280561,179329,16571,-159222
273795,318948,280561,179405,16574,-158957
273795,318948,280561,179559,16579,-158417
273795,318948,280561,179689,16582,-157963
273795,318948,280561,179824,16584,-157490
273795,318948,280561,179855,16584,-157380
273795,318948,280561,179855,16584,-157380
273795,318948,280561,179855,16584,-157380
273836,318916,280569,179790,16600,-157708
274122,318690,280622,179938,16717,-157887
274244,318594,280645,179964,16768,-158095
274369,318496,280669,180000,16820,-158350
274784,318705,279571,-179855,16749,-158378
274946,318682,279372,-179763,16770,-158376
275192,318861,278595,-179693,16702,-158457
276098,319710,276557,-179599,16748,-158470
277544,321026,274122,-179506,17049,-158326
278479,321874,273093,-179498,17269,-158372
278961,322530,271092,-179417,17086,-158337
279389,323059,269147,-179283,16858,-158298
279623,323349,268026,-179207,16727,-158276
279855,323386,266970,-178985,16556,-158220
279873,323387,266217,-178862,16351,-158209
279941,323473,265969,-178853,16335,-158203
280028,323569,265172,-178758,16175,-158190
280070,323537,265181,-178726,16193,-158177
280043,323496,265275,-178708,16085,-158179
280229,323710,264903,-178651,16072,-158182
280587,324152,263178,-178534,15870,-158150
281184,324632,261898,-178365,15803,-158089
281845,325470,258554,-178148,15409,-158032
283256,325752,254886,-177903,14982,-158090
284235,325976,252132,-177861,14801,-158063
285451,326124,248988,-177730,14206,-158406
287119,325427,246913,-177718,13903,-158681
289211,324626,244116,-177533,13581,-158917
290631,323794,242937,-177456,13445,-159113
291562,323657,241650,-177423,13381,-159195
291852,324016,240590,-177406,13346,-159174
292269,324524,238801,-177344,13126,-159146
292662,324992,236577,-177208,12988,-159109
292637,325545,235546,-177416,12840,-159188
292869,326283,233320,-177500,12581,-159229
292941,326906,231340,-177624,12280,-159425
293170,328130,229184,-177854,11975,-159526
293153,328702,227499,-178180,11870,-159728
293393,329905,225043,-178527,11683,-159838
293811,330677,223379,-178664,11692,-159851
294105,331346,222295,-178851,11747,-159880
294967,332620,219223,-179011,11798,-159938
295372,333414,217330,-179155,11768,-160009
295938,334401,215271,-179345,11835,-160025
296418,335219,213123,-179447,11806,-160032
296618,335796,211058,-179494,11595,-160065
297000,336264,209177,-179448,11507,-160039
297554,337010,206021,-179375,11314,-160008
297687,337170,205038,-179321,11219,-159996
297815,337544,202953,-179289,10944,-160100
298208,338023,200559,-179199,10782,-160069
298234,338361,198884,-179209,10534,-160108
298407,338577,198181,-179215,10537,-160098
298220,338979,196937,-179375,10271,-160204
298226,338974,196937,-179371,10273,-160202
298226,338974,196937,-179371,10273,-160202
298226,338974,196937,-179371,10273,-160202
298226,338974,196937,-179371,10273,-160202
298114,338829,196911,-179309,10175,-160203
298004,338686,196885,-179248,10078,-160205
298073,338753,197416,-179243,10077,-160217
298098,338759,198078,-179203,10022,-160233
298321,339017,200292,-179110,9977,-159838
298580,339252,202942,-178989,9919,-159504
298520,339305,205674,-178866,9636,-159321
299166,339999,209859,-178898,9828,-159097
300643,341716,215797,-179275,10682,-158689
301556,342765,220029,-179510,11217,-158494
303383,344918,227193,179926,12482,-158038
304423,346390,232180,179447,13289,-157839
305964,348213,238707,178863,14514,-157696
307289,349782,244749,178327,15643,-157592
308393,350817,249488,178004,16573,-157543
309071,350854,253017,178092,17297,-157239
309216,349523,258317,178436,18164,-156991
310152,346560,264558,178693,19061,-156916
310264,343753,270528,179120,19870,-156596
311101,340180,277033,179339,20686,-156493
311965,335642,285661,179382,21854,-156468
313646,329609,294575,179776,23097,-156344
315388,322962,303983,-179821,24405,-156107
316769,315823,313622,-179744,25558,-156248
317708,307909,322168,-179565,26520,-156301
318599,299053,329360,-179040,27251,-156122
318889,289914,337518,-178895,28080,-156387
319127,281702,342813,-178292,28507,-156480
318431,269909,350023,-177744,28962,-156675
317864,259893,355791,-177174,29431,-156693
317067,253936,359015,-176708,29549,-156459
316212,246398,363042,-176264,29875,-156516
315897,236711,365905,-175437,30008,-156358
314647,228473,370191,-174809,30081,-156212
314748,221789,371237,-174229,30213,-156320
315878,214389,373761,-173673,30199,-156529
317310,210112,373590,-173158,30073,-156541
319266,204233,373348,-172237,29926,-156458
322066,198095,373194,-171286,29773,-156255
325096,191588,372320,-170455,29446,-156159
328693,184408,371637,-169831,29150,-156335
332581,176646,371287,-169349,28951,-156843
336044,167657,370669,-168833,28608,-157324
340309,158040,369399,-168300,28263,-158269
343143,149746,368601,-168070,28027,-159338
346380,138907,367630,-167838,27683,-160609
349649,127986,365093,-167855,27047,-162031
352631,117027,363695,-168137,26578,-163371
354568,108194,362371,-168469,26091,-164232
357079,94830,361310,-169542,25678,-165697
358827,83882,359849,-170510,25136,-167650
359622,74972,359573,-171018,24778,-168568
360758,64021,358785,-171650,24569,-169677
361035,53136,356334,-171976,23883,-171066
361466,42854,353052,-172327,23128,-172362
361215,33174,349696,-172468,22364,-173609
360499,25641,346931,-172721,21735,-174710
359648,18346,342694,-172781,21016,-175748
358172,6398,337168,-172817,19611,-177243
357338,126,333152,-173057,18775,-178183
356082,-7646,328231,-173161,17721,-179091
354735,-14278,323206,-173614,16735,-179796
353314,-19159,318894,-173850,15745,-179673
351330,-25010,313416,-174383,14575,179759
349194,-30842,308146,-174658,13405,179659
346927,-36360,303025,-174925,12285,179406
345240,-40689,299172,-175056,11528,179489
342510,-46764,293575,-175148,10357,179688
340089,-51762,289396,-175080,9351,180000
337934,-56475,286036,-174991,8527,-179593
336343,-60122,283807,-174819,7949,-179274
334830,-64853,282238,-174230,7442,-178714
333121,-70402,280929,-173514,6902,-178279
331886,-74967,280051,-172800,6724,-178094
330886,-79483,280076,-172151,6384,-178106
329939,-83368,279776,-171409,6180,-178194
329246,-88012,279946,-170792,6293,-178348
329157,-91552,280163,-170183,6625,-178459
328349,-96101,280319,-169695,6738,-178702
327853,-100055,280422,-169526,7033,-178692
327349,-103786,280486,-169501,7326,-178493
327064,-107430,280697,-169507,7828,-178192
327008,-109517,281364,-169629,8442,-177607
327024,-111662,281460,-169580,8795,-177080
327001,-113995,281574,-169551,9226,-176909
327372,-114175,281665,-169386,9398,-176484
327235,-114648,281665,-169329,9334,-176079
327485,-114367,281660,-169456,9456,-175825
327634,-114406,281694,-169333,9451,-175277
327976,-114349,281054,-169419,9358,-175027
328083,-116067,280422,-169349,9420,-175056
328507,-118236,277877,-169593,9061,-175351
328222,-121634,275835,-169726,8753,-175915
328172,-125863,272427,-170077,8289,-176609
328362,-129249,268906,-170769,7965,-177421
328566,-133456,264401,-171605,7524,-178357
329053,-136823,259773,-172548,7118,-179314
329491,-139390,255979,-173124,6701,-179930
329643,-141447,253340,-173514,6406,179599
329519,-143331,251558,-173715,6182,179238
329328,-143906,251384,-173806,6189,179086
329513,-143983,250823,-173839,6106,179083
329280,-144515,250823,-173839,6106,178990
329505,-144397,250834,-173921,6252,178951
329550,-144160,250813,-174079,6282,178886
329793,-143555,250777,-174484,6442,178715
330175,-143524,250817,-174511,6687,178690
330704,-143504,250878,-174535,7026,178660
331110,-143665,250944,-174436,7286,178685
331792,-143873,251054,-174252,7679,179155
332300,-143933,251129,-174087,7907,-179892
332685,-143667,251156,-174098,8039,-178781
333228,-143473,251216,-174067,8285,-177773
333661,-143011,251237,-174285,8527,-177341
334054,-142577,251259,-174513,8766,-177118
334334,-142506,251298,-174539,8940,-177049
334334,-142506,251298,-174493,8912,-176753
334334,-142506,251298,-174479,8904,-176665
334334,-142506,251298,-174472,8899,-176616
334334,-142506,251298,-174457,8890,-176519
334334,-142506,251298,-174457,8890,-176519
334334,-142506,251298,-174457,8890,-176519
334334,-142506,251298,-174457,8890,-176519
334334,-142506,251298,-174457,8890,-176519
334334,-142506,251298,-174457,8890,-176519
334334,-142506,251298,-174457,8890,-176519
334334,-142506,251298,-174457,8890,-176519
334334,-142506,251298,-174457,8890,-176519
334334,-142506,251298,-174457,8890,-176519
334334,-142506,251298,-174457,8890,-176519
334334,-142506,251298,-174450,8885,-176474
334334,-142506,251298,-174450,8885,-176474
334123,-142417,251944,-174404,8977,-176467
333543,-142176,252703,-174441,8900,-176477
332172,-142028,255073,-174153,8875,-176364
330107,-141959,258180,-173687,8689,-176171
328311,-140503,261522,-173156,8392,-175709
325440,-139211,266860,-172553,8380,-175534
322727,-136530,272758,-171953,8440,-175098
320048,-132880,279065,-171571,8632,-174811
317299,-127904,285272,-171264,8779,-174881
315122,-121969,291643,-171052,8946,-174760
314249,-115750,299482,-170535,9627,-174559
313831,-108796,306006,-170048,10694,-174243
314040,-100875,312846,-169739,11843,-174080
312876,-91724,319866,-169516,13089,-173513
311430,-81661,327855,-169152,14535,-172405
308739,-73029,335703,-168744,15859,-171319
305877,-62415,343075,-168368,17221,-170040
302420,-51328,350251,-168304,18593,-169164
298778,-39860,356917,-168449,19977,-168567
295150,-27801,362815,-168872,21303,-168048
291887,-15502,367601,-169413,22462,-167432
289557,-5085,370466,-170082,23204,-166926
287842,6045,372172,-170777,23698,-166025
285156,22688,374267,-171431,24342,-164131
282883,36959,374786,-172259,24542,-162636
280600,50664,374945,-172787,24714,-160955
277999,63397,374939,-173320,24846,-159518
275117,74920,374939,-173826,24969,-158332
273188,85345,373719,-174376,24842,-157485
272039,94160,371839,-174701,24551,-157091
271742,100501,369691,-175016,24217,-156712
271709,107002,366999,-175394,23779,-156724
272092,112327,364102,-175824,23266,-156879
272734,115633,361803,-176192,22882,-157304
274138,119098,358469,-176758,22329,-158346
275619,119937,356304,-177092,21964,-159273
277023,121676,353677,-177771,21620,-160328
278305,123025,351342,-178438,21036,-161093
279431,124365,349166,-179115,20595,-161813
280885,126216,346243,-179896,19979,-162321
281721,128222,343955,179055,19439,-162869
282559,130621,341415,177802,18806,-163415
282972,132447,339773,176784,18356,-163847
283224,135257,338373,175606,18128,-164099
283864,137436,336956,174802,18045,-164186
283257,141523,336420,174042,18183,-164008
283157,144943,335418,173594,18293,-163723
283354,147252,334385,173421,18338,-163482
282507,150863,333743,173306,18287,-163002
282265,154112,332528,173298,18497,-162398
281802,157755,331107,173133,18416,-161991
281442,160495,330347,173074,18536,-161668
281781,164499,328084,173065,18560,-161126
281583,168173,326382,173030,18587,-160677
281722,171565,324206,173004,18435,-160340
282922,175179,321227,172951,18162,-160208
283283,177576,317889,173014,17655,-160286
283641,179963,315310,173121,17260,-160173
285140,181683,311436,173177,16581,-160309
286742,182664,308377,173173,16134,-160629
288471,183721,305089,173196,15694,-160874
290001,184656,302179,173206,15322,-161125
291513,185571,299825,173169,15197,-161376
293266,186638,296682,173196,14913,-161529
294523,187640,293954,173113,14556,-161663
295551,188466,291720,173049,14280,-161738
297116,189404,288734,173097,14007,-161841
298550,190493,286029,173010,13825,-161899
299675,192440,282815,172841,13536,-161882
300734,193947,279993,172791,13305,-161840
301106,196311,276940,172875,12978,-161543
301157,199032,274810,172766,12952,-161281
300993,201747,272682,172832,12695,-160842
300480,204580,270355,172750,12607,-160563
300286,206331,268842,172747,12477,-160436
299900,208403,267294,172613,12304,-160500
300110,209441,266397,172529,12351,-160713
300474,210420,264659,172487,12134,-161035
301057,210815,262693,172530,11783,-161233
301716,211024,260909,172670,11511,-161488
302591,211481,258484,172782,11184,-161697
303568,211856,256720,172931,11163,-161746
304684,212631,253383,173011,10741,-161851
305488,213162,251324,173068,10575,-161827
306196,213630,249552,173099,10441,-161881
307003,214163,247390,173137,10243,-161985
307801,214682,245961,173119,10293,-162054
308428,215086,245045,173092,10406,-162078
309204,215581,244204,173015,10630,-162210
309836,215984,243616,172957,10853,-162245
310045,216113,243670,172916,11006,-162264
310213,216217,243713,172855,11111,-162423
310453,216379,242809,172845,10950,-162670
310443,216372,242849,172800,10927,-162901
311115,216817,240889,172825,10727,-163072
311452,217269,239207,172756,10433,-163229
312021,217985,236909,172629,10120,-163415
312350,218368,235393,172604,9889,-163452
312994,219018,233165,172542,9660,-163518
313764,219689,231139,172470,9577,-163585
314568,220276,227463,172612,9026,-163604
315190,220751,225297,172629,8804,-163718
316046,221328,221333,172810,8242,-163691
316826,221998,217842,172849,7789,-163825
317487,222651,214325,172896,7297,-163795
318047,223018,212301,172956,7126,-163798
318658,223429,209038,173092,6788,-163888
318971,223640,207312,173171,6414,-163868
319320,223872,205591,173241,6202,-163863
319629,224081,203808,173321,5953,-163855
319906,224267,202181,173395,5725,-163847
320065,224374,201228,173435,5590,-163868
320109,224404,200960,173426,5527,-164086
320109,224404,200960,173415,5514,-164199
320188,224278,200948,173499,5532,-164266
320188,224278,200948,173488,5519,-164381
320188,224278,200948,173488,5519,-164381
320261,224160,200936,173578,5548,-164332
320261,224160,200936,173578,5548,-164332
320261,224160,200936,173578,5548,-164332
320123,224075,200916,173598,5440,-164406
320063,223855,200883,173729,5372,-164340
319656,223409,200802,173940,5054,-164243
319013,222762,202064,174117,4911,-164139
317968,221927,204282,174240,4736,-164186
316430,220957,208751,174154,4855,-164280
314911,219554,213926,174261,5164,-164279
312605,217646,220637,174339,5396,-164609
309788,214944,228352,174661,5599,-165026
306569,211829,236998,175012,5923,-165429
302744,207873,245972,175651,6038,-166124
298891,204074,254979,176104,6339,-166910
295603,200207,264321,176566,7273,-167631
292671,196447,273577,176968,8136,-168246
291238,192122,280672,177290,9680,-168612
289484,186502,287528,177398,10641,-169108
288269,178612,299021,177537,12211,-169784
288142,172585,305079,177549,13592,-170619
289124,164374,310750,177599,14550,-171755
289998,154922,317403,177796,15825,-172500
290158,146469,323338,178029,16908,-173081
291574,136056,327707,178616,17788,-173100
292419,129447,331511,179099,18484,-173336
294479,116264,336045,179894,19284,-173699
296173,107290,338342,-179678,19610,-174323
298985,93845,340390,-179165,19881,-174226
301302,82466,341716,-178817,20049,-174141
304152,68736,342374,-178433,19982,-174569
306804,54881,342310,-177654,19790,-174656
308337,45513,342325,-177235,19766,-175460
309537,36468,342325,-176784,19701,-175809
310632,25516,342325,-176611,19688,-176390
311513,19490,341651,-176386,19582,-176718
312585,11933,340035,-176212,19186,-177237
314134,3385,339214,-175979,18466,-177919
316457,-8914,333141,-176287,17509,-178390
317576,-19994,325528,-176823,16005,-179119
317893,-27492,317621,-177835,14510,179772
318579,-31229,312302,-178831,13557,179373
318976,-34595,307527,-179602,12703,179103
319238,-38364,301007,179623,11531,179319
319869,-40033,296292,179581,10660,-179844
320176,-40835,293098,179653,10054,-179092
320874,-42523,288784,179942,9313,-178327
320888,-43933,287332,180000,9039,-177972
321220,-45461,285301,180000,8666,-177719
321583,-48075,284563,-179906,8783,-177684
322049,-49905,282554,-179907,8518,-177653
322479,-52679,281107,-179922,8458,-178066
322326,-55518,280014,-179924,8265,-178392
322875,-57880,278355,-179969,8070,-178816
322838,-60261,276392,180000,7710,-179090
323541,-62991,273707,179877,7253,-179398
324239,-64733,271988,179840,7076,-179825
325462,-66562,269452,179803,6892,179896
326637,-68274,266293,179742,6576,179562
328182,-69176,263288,179559,6190,179594
329214,-69920,260502,179461,5732,179498
330678,-71785,257105,179400,5432,179229
332074,-72709,254263,179362,5224,179157
333337,-73596,251850,179270,5133,179001
334224,-73807,250904,179310,5303,178994
335298,-74056,248504,179255,5036,178984
335975,-74217,247790,179287,5175,178979
336952,-74447,246167,179285,5153,178975
337733,-74559,245429,179282,5351,178945
338500,-74743,244833,179337,5592,178939
339078,-74743,244891,179325,5847,178898
339644,-74881,244951,179405,6317,178892
340099,-74993,245002,179470,6607,178889
340675,-75132,244595,179514,6792,178885
340901,-75187,244622,179546,6945,178884
341374,-75233,243673,179491,6882,178861
341642,-75294,242872,179464,6753,178857
341887,-75350,242136,179439,6635,178855
342402,-75470,240736,179399,6443,178849
343105,-75498,239108,179280,6302,178803
343726,-75580,237386,179189,6051,178778
344054,-75504,236463,179063,5923,178731
344602,-75648,235179,179051,5808,178729
345076,-75411,233913,178792,5649,178624
345154,-75179,233860,178632,5670,178550
345411,-74887,233304,178394,5624,178445
345766,-74660,233020,178212,5731,178348
345789,-74610,233024,178179,5744,178331
345841,-74403,233035,178076,5780,178540
346077,-74018,233073,177864,5940,178942
346119,-73850,233083,177794,5979,179297
346154,-73713,233092,177764,6021,179830
346205,-73514,233105,177689,6073,-179686
346203,-73523,233105,177726,6083,-179385
346203,-73523,233105,177747,6091,-179195
346203,-73523,233105,177774,6101,-178939
346203,-73523,233105,177772,6100,-178952
346203,-73523,233105,177772,6100,-178952
346124,-73830,233085,177976,6050,-178855
346124,-73830,233085,177976,6050,-178855
346113,-73875,233082,178005,6043,-178841
346077,-74017,233073,178099,6019,-178795
346034,-74190,233062,178213,5991,-178741
345998,-74331,233054,178306,5967,-178696
345963,-74469,233046,178397,5944,-178653
345913,-74669,233035,178529,5911,-178590
345858,-74890,233023,178674,5874,-178520
345759,-75288,233004,178936,5806,-178395
345739,-75372,233000,178990,5792,-178369
345160,-75719,234511,179340,5953,-178336
343742,-75750,238178,179674,6365,-178320
342716,-75660,239990,179778,6512,-178311
341389,-75543,243455,179930,6577,-178408
340348,-75089,248902,-179612,6969,-178425
338613,-73871,254567,-178934,7230,-178177
337182,-72585,260998,-178067,7524,-177703
335947,-68632,269267,-177113,7685,-176915
335022,-65312,276445,-176208,8501,-176161
334809,-61578,283702,-175458,9243,-175775
335460,-56228,292410,-174831,10691,-175622
336820,-47314,302882,-174424,12409,-175293
337242,-40566,309267,-174343,13687,-175132
337363,-32760,315782,-174266,14929,-174548
337184,-23975,320758,-174243,15772,-173764
336121,-14446,325241,-174249,16656,-172389
334807,-6474,329460,-174324,17471,-171670
333109,1879,333409,-174555,18060,-171225
331912,11129,336762,-174781,18555,-170365
329389,25354,339776,-174983,19095,-169143
327265,35407,342144,-175051,19583,-167373
324850,48331,343962,-175056,19939,-165476
321566,61283,345575,-175015,20114,-163560
317782,76755,346207,-174982,20381,-161129
314557,89069,346242,-174989,20406,-159246
311905,97890,346270,-174831,20421,-158084
307400,110881,346345,-174188,20389,-156391
304539,118175,346424,-173647,20379,-155714
301912,124844,346572,-173188,20504,-155404
300322,128692,346722,-172886,20677,-155519
300709,131076,344880,-172968,20503,-156127
301245,132687,343269,-172926,20272,-156377
302904,134076,340130,-173118,19801,-156916
305001,135100,336529,-173192,19217,-157231
306984,136068,333045,-173214,18642,-157402
309738,137675,329470,-173433,18558,-157640
312534,140025,325401,-174023,18448,-157749
314135,141703,322976,-174578,18439,-157892
316035,143521,320028,-175127,18373,-158038
317887,145200,317424,-175610,18428,-158160
319364,146701,314865,-176093,18306,-158311
321024,148372,312302,-176600,18311,-158366
323139,150301,310367,-177097,18231,-158345
325790,152676,309379,-177770,18394,-158494
327960,154588,308214,-178314,18283,-158713
331002,156731,307240,-178742,18286,-158885
333564,160267,306573,-178991,18288,-158725
336455,163721,305867,-179131,18444,-158526
338664,166944,305404,-179096,17940,-158266
340467,171434,304988,-179198,17740,-157871
342309,175373,305797,-179206,17931,-157428
343738,179898,304549,-179303,17654,-157070
344501,184655,304328,-179412,17588,-156503
345488,188066,303494,-179539,17393,-156224
345600,191881,302639,-179791,17243,-155899
346027,194851,302284,179856,17206,-155718
345968,196970,300685,179642,16867,-155619
346437,197988,299493,179375,16720,-155678
346920,198700,297613,179146,16381,-155761
347328,198935,296532,179162,16227,-155756
348165,199417,293952,179209,15782,-155744
348840,199807,292112,179236,15521,-155737
349918,200245,289348,179386,15140,-155688
350702,200698,287614,179400,15002,-155683
351593,201213,285516,179420,14806,-155676
352728,201868,282282,179465,14367,-155664
353691,202426,280410,179469,14318,-155660
354758,202484,277930,179836,14001,-155532
355418,202105,276941,-179699,13903,-155367
356043,201480,276364,-179206,13862,-155192
356538,200965,276441,-178637,14020,-154980
356742,200615,276461,-178359,14043,-154879
356961,200242,276485,-178061,14068,-154771
357213,200197,276543,-177956,14202,-154724
357318,200258,276581,-177963,14281,-154721
357539,200200,276623,-177857,14327,-154674
357584,200221,276636,-177857,14426,-154673
357686,200034,276648,-177709,14433,-154619
358027,200230,275596,-177697,14287,-154616
358326,200403,274665,-177687,14157,-154613
358884,200726,273025,-177670,13954,-154607
359293,200966,272199,-177669,13937,-154601
360039,201402,270424,-177661,13817,-154590
360697,201638,269595,-177580,13927,-154543
361334,202012,268124,-177574,13847,-154533
361674,202213,267494,-177576,13859,-154527
362322,202587,265414,-177552,13558,-154522
362658,202786,264809,-177557,13609,-154514
363378,203206,262847,-177544,13435,-154505
364011,203576,261232,-177537,13324,-154495
364469,203789,260241,-177502,13289,-154475
365046,203960,258460,-177385,13052,-154433
365452,204199,257551,-177385,13029,-154426
365821,204417,256763,-177385,13022,-154419
366361,204740,255999,-177397,13138,-154406
366767,204981,255254,-177402,13171,-154397
367391,205346,253529,-177393,13041,-154388
368581,205125,251806,-177396,13038,-154372
369490,204740,249799,-177375,12898,-154481
370454,204219,248574,-177374,12730,-154700
372206,202675,245867,-177345,12365,-154992
372872,202125,244747,-177333,12214,-155099
374003,201721,242016,-177305,11846,-155183
374967,201315,240231,-177297,11716,-155317
375557,201398,238152,-177275,11432,-155342
375928,201608,237118,-177272,11240,-155333
376570,201964,234339,-177244,11013,-155330
376985,202194,232501,-177225,10762,-155326
377390,202598,230307,-177310,10463,-155367
377793,202821,228455,-177291,10216,-155363
378570,202547,226140,-177377,9900,-155509
379297,202718,223239,-177725,9525,-155760
379252,203835,220973,-178379,9176,-156042
379889,203577,218880,-179196,8833,-156628
380647,203175,216618,-179902,8469,-157172
381090,202913,215355,179730,8267,-157464
381887,201896,214269,179176,8067,-157982
382659,200962,213091,179192,7912,-158137
383282,200336,212614,179189,7946,-158249
383230,200435,212614,179189,7946,-158234
383230,200435,212614,179189,7946,-158234
383376,200511,212637,179178,8050,-158236
383268,200455,212620,179186,7973,-158235
383268,200455,212620,179186,7973,-158235
383268,200455,212620,179186,7973,-158235
383268,200455,212620,179186,7973,-158235
383268,200455,212620,179186,7973,-158235
383268,200455,212620,179186,7973,-158235
383268,200455,212620,179186,7973,-158235
383268,200455,212620,179186,7973,-158235
383268,200455,212620,179186,7973,-158235
383268,200455,212620,179186,7973,-158235
382765,200192,212542,179223,7614,-158230
382127,199858,212448,179270,7159,-158224
381114,199328,212311,179344,6438,-158215
380585,199051,213419,179397,5920,-158209
381092,198601,215390,179818,5886,-158055
381826,198457,217165,-179894,6092,-157947
382185,196466,221605,-179447,6769,-157921
381867,194663,227516,-179207,7519,-157952
381395,191849,234991,-179209,8446,-158226
381927,186328,243371,-178917,9544,-158722
381590,180570,253203,-178702,10821,-159340
381693,175831,259093,-178670,11636,-160228
382085,170550,264644,-178496,12421,-160964
382450,163552,270554,-178360,13213,-161965
382706,152755,275296,-178368,13677,-163778
381681,142275,279763,-178385,13821,-165287
380083,134783,280628,-178271,13830,-166557
377791,125257,282662,-177838,13977,-167792
374815,115885,284986,-177214,14022,-169013
371265,108044,289018,-176304,14142,-170014
367170,99489,291584,-175159,14160,-170793
363100,92308,294448,-174208,14357,-171413
358558,87207,297380,-173712,14524,-172086
355067,83913,299628,-173661,14684,-172745
351342,80285,301875,-173759,14861,-173452
347607,78532,303185,-173770,14780,-173690
345206,76606,302334,-173753,14479,-174005
342830,75935,301280,-173840,14146,-174192
341093,74849,299657,-173881,13724,-174344
339917,74799,296575,-173935,12972,-174395
338747,74736,293523,-173990,12314,-174429
337283,74736,289890,-174115,11520,-174493
335693,74511,285981,-174103,10677,-174511
334039,74294,281699,-174079,9838,-174359
333030,74062,278097,-173984,9397,-174053
332534,73296,274362,-174056,9250,-174035
331980,71961,269570,-174534,9067,-174194
331463,68601,263941,-174980,8812,-174792
331752,66240,260450,-175433,9051,-175358
331365,61782,255282,-175825,8864,-176147
331210,58150,251391,-175886,8864,-176462
331568,55395,248911,-175941,9152,-176771
331699,52325,246962,-175999,9273,-177096
332537,50663,245052,-176045,9708,-177348
333189,49917,244648,-176127,10300,-177317
333542,50004,244492,-176167,10563,-177268
333938,49520,244548,-176182,10758,-177253
333938,49520,244548,-176182,10758,-177253
333674,49475,244094,-176170,10659,-177251
333642,49783,244134,-176270,10659,-177304
333801,49821,244118,-176387,10644,-177367
333808,49823,244148,-176405,10751,-177360
333808,49823,244148,-176405,10751,-177360
333808,49823,244148,-176405,10751,-177360
333808,49823,244148,-176384,10744,-177251
333883,49845,244005,-176398,10820,-177243
333794,50018,242810,-176450,10836,-177017
333254,49944,241481,-176389,10803,-176485
331797,49825,238473,-176350,10354,-176063
330650,49843,236344,-176386,9972,-175696
328972,49742,233384,-176367,9404,-175168
327517,50196,230586,-176682,9119,-174595
327069,50337,229719,-176727,8861,-174033
326956,50525,229302,-176749,8847,-173326
327362,50740,229360,-176713,9070,-172434
327448,50759,229374,-176613,9088,-171777
327674,50857,229408,-176571,9209,-171256
327831,50891,229434,-176515,9289,-170873
327904,50906,229446,-176495,9328,-170733
328048,50937,229470,-176459,9407,-170487
328115,50952,229481,-176460,9451,-170483
328115,50952,229481,-176460,9451,-170483
328251,50981,229504,-176463,9539,-170477
328251,50981,229504,-176463,9539,-170477
328281,50836,229514,-176360,9540,-170416
328421,50475,229552,-176113,9589,-170388
328483,50173,229576,-175917,9598,-170361
328534,49928,229596,-175742,9598,-170259
328593,49280,230110,-175199,9470,-170251
329376,48316,232645,-174636,9356,-170186
330402,48009,235298,-174360,9483,-170345
331300,47023,238804,-173662,9484,-170431
332136,45968,243036,-172958,9529,-170706
332372,45358,247745,-172182,9379,-170897
332362,44476,252642,-171221,9262,-171227
331744,43499,257805,-170167,9130,-171137
330980,43378,263981,-169165,9156,-171273
329912,44690,269952,-168302,9242,-171174
328852,45955,274993,-167638,9359,-170813
328060,48674,281060,-167119,10111,-170367
327234,52111,286647,-166780,10885,-169860
326312,56072,292172,-166592,11687,-169211
325747,61246,296879,-166663,12641,-168658
324678,66959,302074,-166734,13711,-168356
323349,74089,307229,-167024,14851,-168041
322073,80466,311821,-167349,15953,-167842
319417,89656,317618,-168148,16818,-167437
316727,100228,322679,-169062,17903,-166487
313825,109325,326533,-169982,18838,-165268
309605,120196,330518,-170964,19740,-164513
305410,130445,334368,-172241,20418,-163872
301034,139723,336450,-173125,20856,-163296
296512,147186,338423,-174054,21189,-163377
292548,153450,338644,-174864,21213,-163986
290042,158092,338594,-175699,21259,-164509
286436,164172,338471,-176481,21182,-164983
284252,167924,338469,-177112,21269,-165955
281422,172615,338448,-177674,21299,-166564
277503,178511,338297,-178677,21117,-167222
274804,182658,338256,-179374,21077,-167870
270276,189235,338155,179729,20907,-168357
266145,194960,338036,178774,20663,-168490
262621,199654,337974,178093,20501,-168815
257829,205760,337869,177281,20223,-168751
252876,211701,337767,176603,19936,-168536
247699,217482,337634,175972,19574,-168244
242639,223081,337551,175324,19286,-168011
238419,229145,337001,174401,19165,-167488
235417,234332,336585,173365,19259,-167252
232003,240247,335601,172642,19246,-166658
229559,246200,334113,171697,19391,-166314
227177,251588,331863,171154,19157,-166214
225300,256478,329448,170789,18996,-165983
223354,261330,326911,170212,18719,-166350
221755,265381,324200,169983,18337,-166462
219980,268491,322221,169929,18001,-166501
219385,272274,318464,169868,17489,-166589
218045,275443,315971,169920,17193,-166322
217780,277999,312936,170105,16844,-166198
217020,281430,309546,170269,16567,-165854
217560,283832,305751,170549,16184,-165694
217335,286636,301896,170735,15653,-165525
218328,288733,297721,170853,15060,-165518
218438,290548,294495,170949,14479,-165537
218949,291558,292099,171090,14105,-165522
219712,293185,288770,171127,13637,-165632
220604,295108,285817,171058,13313,-165682
220918,296140,283447,170974,13092,-165711
221379,297173,281811,170865,12839,-165794
221768,298022,279989,170812,12595,-165838
221829,298772,278696,170771,12314,-165885
221700,300105,276818,170395,11792,-166080
222342,300973,275181,170412,11692,-166063
222276,302493,272197,170200,10992,-166250
222673,303684,269867,170124,10663,-166323
222954,304682,267856,170053,10339,-166426
223235,305090,266558,170172,10181,-166407
223629,305867,264856,170184,10011,-166431
224070,306465,263883,170280,9898,-166414
224279,306830,261719,170467,9626,-166390
224591,307503,260164,170481,9449,-166415
225055,308131,257974,170695,9197,-166380
225244,309017,256208,170596,8914,-166463
225424,309479,255411,170515,8863,-166603
225684,310144,254532,170370,8803,-166661
225576,310791,253758,170056,8520,-167213
225533,311360,253873,169622,8496,-167704
225441,312204,254047,169009,8477,-168187
225528,312657,254104,168824,8558,-168399
225493,313168,254273,168362,8591,-168507
225370,314012,254462,167742,8536,-168990
225366,314250,254585,167462,8528,-169171
225640,314845,254698,167160,8699,-169568
225753,315261,254817,166867,8767,-169841
226029,315607,254939,166611,8890,-170276
226240,316062,255092,166290,9024,-170539
226504,316391,255205,166077,9172,-170806
226634,316558,255079,166017,9216,-170868
227278,317414,252632,166175,9061,-170853
227707,317995,250437,166403,8831,-170818
228211,318678,247803,166676,8555,-170777
228562,318869,246079,167010,8390,-170685
228981,318602,245258,167427,8471,-170516
229538,318048,243501,168256,8417,-170211
229847,316955,243348,169015,8548,-169894
230014,316593,243084,169326,8580,-169770
230047,316626,242359,169473,8434,-169742
230141,316544,242383,169534,8517,-169695
230429,316859,240982,169698,8368,-169675
230576,317059,240064,169802,8259,-169659
230784,317748,237761,170034,8014,-169591
230553,318571,235929,170219,7819,-169467
229665,319988,233709,170442,7583,-169211
230126,320488,232301,170472,7554,-169224
229116,322251,228973,170828,7176,-168908
228097,323620,227650,170890,7112,-168668
227761,324586,225366,171117,6870,-168520
227642,325337,224125,171150,6838,-168443
227483,325694,223298,171236,6747,-168385
227696,325995,221823,171382,6592,-168368
228026,326454,220262,171464,6505,-168362
228284,326811,219272,171483,6488,-168364
228566,327209,217232,171684,6274,-168342
228792,327528,215558,171848,6098,-168324
229068,327912,214104,171936,6006,-168318
229555,328593,211279,172131,5800,-168302
229891,329065,208605,172393,5630,-168286
230453,329610,207095,172426,5510,-168231
230846,330156,204886,172554,5491,-168239
231348,330851,202767,172586,5463,-168244
231750,331350,200417,172758,5316,-168222
232165,331660,198909,172897,5325,-168169
232279,331821,197796,173008,5205,-168159
232353,331926,197092,173076,5132,-168153
232574,332231,196111,173091,5118,-168155
232574,332231,196111,173091,5118,-168155
232574,332231,196111,173091,5118,-168155
232593,332258,195929,173109,5099,-168154
232702,332407,195957,173030,5187,-168164
232854,332617,195267,173039,5178,-168166
232854,332617,195302,173035,5182,-168167
232854,332617,195302,173035,5182,-168167
233152,332761,196569,173171,5199,-168094
233757,332981,200370,173654,5051,-167905
234246,332955,203802,174198,4878,-167714
235535,332102,207970,175434,4330,-167375
237125,331392,215520,176159,4309,-167359
242466,329673,222245,176974,5034,-167236
247627,327793,230193,177190,6263,-167512
252618,325362,236656,177178,7572,-167690
258308,321912,245161,176610,8904,-167746
263904,316619,252859,176237,9779,-167965
268988,310190,260100,175963,10954,-167652
273825,302478,266081,175873,11598,-167965
279097,294591,273015,175656,12441,-168322
283891,285887,279120,175523,13136,-168746
288502,276252,282949,175818,13700,-169155
290957,270032,286630,176106,14228,-169292
294884,262866,287054,176475,14258,-169549
298721,254943,290079,176876,14577,-169644
302669,247666,291006,177358,14860,-170032
308328,237279,291788,177788,14914,-170545
313071,229105,289926,178335,14761,-170782
317554,220972,287253,179015,14186,-171302
321472,213226,284177,179566,13555,-171310
326354,202714,280009,-179785,12759,-171800
329114,195011,275862,-179250,11948,-172170
333372,183117,270566,-178599,10888,-173002
335433,176383,267401,-178326,10203,-173477
336903,170277,264076,-177947,9515,-173760
337750,165341,260967,-177753,8819,-174075
338315,161415,258449,-177767,8170,-174173
338737,158320,256515,-177945,7615,-174348
338879,156218,254498,-178545,7063,-174538
338532,154790,251831,-179097,6510,-174508
338261,153955,249766,-179391,6222,-174309
338164,152957,247815,-179758,5967,-173981
338418,153013,246536,180000,5964,-173369
338014,153062,244521,179889,6174,-172929
338068,153338,242780,179699,6451,-172503
338216,153885,241995,179349,6695,-172403
338392,154406,240904,179050,7006,-171940
338682,154586,239788,179011,7221,-171538
338822,154658,238022,179007,7332,-171291
338938,154714,237044,179034,7287,-171117
339719,155080,235894,179010,7436,-171016
340321,155362,235226,178966,7601,-170981
341220,155418,233822,179169,7689,-170875
342761,154571,231151,179522,7525,-170874
343313,153792,228992,179648,7181,-170984
345125,151725,226027,179770,6746,-171369
346503,149307,224263,179969,6409,-171710
347458,147542,221290,-179714,5648,-171934
348025,145109,218916,-179165,5103,-172118
348365,143923,216501,-178757,4474,-172059
348472,142383,215277,-178278,4115,-172029
348299,142099,214093,-178076,3844,-171971
348323,141951,214134,-177976,3852,-171831
348323,141951,214134,-177958,3842,-171563
348323,141951,214134,-177917,3821,-170961
348135,141867,214124,-177838,3685,-170181
348157,141877,214124,-177779,3646,-169269
348157,141877,214124,-177721,3610,-168359
348157,141877,214124,-177678,3583,-167674
348157,141877,214124,-177639,3557,-167045
348029,141819,214116,-177600,3461,-166808
348029,141819,214116,-177585,3445,-166441
347790,141712,214103,-177553,3282,-166417
347595,141624,214093,-177523,3145,-166318
347025,141368,214067,-177452,2758,-166335
346336,141059,214040,-177366,2291,-166356
345810,140823,214024,-177297,1929,-166267
345601,140675,214021,-177237,1778,-166247
345636,140297,214038,-176998,1738,-166155
345811,139908,214063,-176729,1781,-166039
345967,139564,214088,-176492,1818,-165936
345425,139146,215731,-176400,1930,-166040
344917,139423,217363,-176319,2223,-166024
344256,138987,219529,-176263,2431,-166078
343219,138653,222023,-176345,2546,-166127
342533,138198,224151,-176285,2747,-166236
341814,137887,226259,-176329,2968,-166531
340972,137526,228987,-176392,3312,-166704
340381,137273,230998,-176445,3594,-166824
339728,136991,232829,-176483,3783,-166961
338688,137129,235875,-176421,4276,-166789
337694,137063,238402,-176158,4601,-166548
336595,137712,240988,-175752,5073,-166083
334771,139216,243912,-175560,5465,-165711
332859,140880,246771,-175505,5685,-165435
330568,142805,249465,-175265,6092,-165441
329164,143325,251486,-174930,6295,-165822
327194,144638,255308,-174525,6947,-166044
324254,145827,259741,-174051,7609,-166045
321863,146957,263898,-173822,8338,-166261
319551,148168,268095,-173551,9204,-166473
316950,149360,272465,-173130,10060,-166666
314118,151312,276811,-172765,11018,-166681
311377,153163,280460,-172644,11737,-166852
307636,156348,284766,-172750,12573,-166704
302483,160914,289975,-173081,13380,-166526
298769,164320,293219,-173578,14065,-166336
294016,168792,296788,-174542,14558,-166478
289057,173512,300009,-175801,14864,-166662
284588,178135,302218,-177182,14936,-167135
279857,182455,303961,-178650,14767,-167660
276649,186068,305275,-179927,14512,-168293
273044,189974,306516,178905,14378,-168948
269911,193697,306638,178053,13957,-169545
266981,197189,307151,177401,13824,-169909
264416,200603,307133,177093,13715,-169917
261764,203777,306649,176745,13484,-170196
259255,206119,305749,176660,13267,-170380
257668,206893,303632,176659,12823,-171079
255442,207824,301543,176664,12330,-171730
253439,207986,298591,176823,11667,-172649
252001,207678,295250,177001,11151,-173393
250828,206675,291450,177316,10593,-174071
249882,205867,288497,177601,9759,-174763
249180,205267,286361,177829,9369,-175052
248251,204474,283608,178083,8865,-175554
247367,203718,281054,178332,8398,-176068
246353,202852,278205,178607,7898,-176618
245689,202285,276384,178798,7552,-177126
245001,201697,274527,179000,7221,-177493
244272,201558,273215,178954,6843,-177827
243570,202383,273188,178709,6653,-177864
243287,202704,273165,178478,6477,-178056
243024,203003,273145,178259,6311,-178291
242438,203687,273125,178014,6121,-178440
242188,203972,273110,177822,5965,-178521
241992,204196,273099,177667,5841,-178623
241741,204482,273087,177466,5680,-178793
241502,204757,273077,177277,5525,-178871
241325,204961,273071,177143,5416,-178964
241011,204863,272467,177154,5254,-179082
240728,204620,271727,177247,5121,-179220
239937,203940,269374,177496,4786,-179452
238190,202438,265010,178119,4124,-179549
237358,201818,263105,178347,3698,-179753
236518,201095,261103,178642,3322,-179753
235985,200637,259852,178827,3113,-179743
236059,200703,259731,178770,3081,-179839
235981,200636,259324,178770,3075,-179955
235835,200511,258864,178809,3186,-179960
235961,200620,259166,178696,3156,-179958
235970,200630,258747,178723,3204,-179957
236054,200707,258241,178630,3311,-179957
236695,201455,258301,178149,3712,179892
237098,202154,258354,177704,3964,179837
237663,202885,258427,177235,4317,179738
238131,203569,258499,176789,4465,179580
238438,204147,258558,176417,4792,179499
238321,204996,258605,175866,4703,179309
238599,205235,258646,175712,4877,179296
238544,205187,258252,175698,4875,179190
238194,204887,257135,175782,4762,179090
237716,204475,256014,175947,4577,179103
237122,203964,254653,176143,4341,179017
236415,203356,252476,176325,4140,179048
235318,202413,249922,176668,3778,178921
234187,201440,247214,177010,3353,178945
233483,200834,245720,177231,3091,178819
233129,200530,244113,177243,3078,178820
232528,200013,242088,177339,2971,178825
232602,200077,240543,177104,3232,178812
232351,199861,238470,176979,3368,178780
232275,199795,236427,176751,3622,178766
232074,199622,234176,176556,3839,178753
231870,199447,231731,176323,4097,178737
231671,199276,229127,176049,4400,178717
231174,198848,225644,175793,4684,178696
231209,198878,223240,175370,5135,178565
230571,198858,220067,174844,5308,178381
230122,198612,216833,174431,5650,178296
229146,198040,213492,174199,5693,178190
228360,197779,210262,173744,5861,178008
227511,197461,207094,173311,5999,177816
226839,197089,204280,172962,6204,177687
226299,197048,202463,172585,6266,177487
226454,197294,201120,172085,6695,177357
226498,197502,200037,171668,6989,177219
226536,197488,199085,171438,7246,177183
226629,197538,198143,171157,7569,177128
227061,197893,198253,170909,7835,177086
227411,198176,197434,170767,7992,177056
227744,198451,197528,170577,8196,177022
228192,198820,197657,170319,8471,176975
228532,199099,197758,170124,8679,176939
228649,199196,197793,170057,8751,176926
228772,199297,197831,169986,8827,176913
228946,199440,197884,169886,8933,176894
228897,199398,197807,169898,8920,176895
228897,199398,197807,169898,8920,176895
228949,199440,197823,169869,8952,176890
229179,199635,197199,169893,8929,176891
229296,199735,196567,169976,8843,176904
229476,199888,195862,170043,8776,176913
229698,200075,195279,170061,8760,176914
229811,200172,194649,170143,8674,176926
229851,200206,194427,170173,8644,176931
230076,200222,193928,170286,8675,177013
230193,200161,193704,170383,8709,177088
231298,200337,193631,170442,8839,176958
234260,199910,195826,170183,8776,176706
237550,199305,198513,170279,8930,176165
240290,199051,202042,170245,9130,175916
245286,198274,206245,170441,9373,175628
250186,198364,210619,170908,9516,175636
254943,197559,213226,171666,9301,175588
260121,198582,216207,172681,9373,176491
266057,200122,218915,173576,9745,177335
272518,202095,221075,174344,9512,178404
279612,206061,224133,174706,9847,179707
284805,208517,222708,175430,9413,-179346
291866,211579,221959,175914,9149,-178418
297837,213054,221922,176247,9088,-177386
303554,213960,219717,176621,8830,-176770
308937,213543,216966,176816,8338,-176382
313439,213038,214391,176888,7797,-175951
317350,211882,211799,177035,7497,-175710
320574,211161,209728,177084,7334,-175425
323160,211382,208564,177063,7321,-175197
325111,211836,208161,177072,7433,-174860
326704,211969,207895,176951,7402,-174934
327992,212870,207635,176539,7357,-175020
328719,214100,207204,176137,7196,-175246
329118,215049,207271,175762,7098,-175338
329976,216259,208460,175283,7317,-175174
330595,217034,209285,174985,7498,-175062
330918,217538,209811,174753,7676,-174857
331137,218095,210393,174476,7775,-174742
331789,218701,210921,174152,8154,-174839
332183,218991,211009,173998,8429,-174793
332450,219377,211093,173756,8615,-174887
332731,219711,211175,173555,8813,-174926
332866,220096,210617,173384,8761,-175025
332830,220449,210658,173156,8758,-175050
332853,220712,210697,172976,8779,-175144
332760,220860,210704,172868,8722,-175208
332672,221000,210712,172805,8700,-175010
332752,221052,210866,172891,8814,-174337
332974,221197,211295,172915,8952,-173906
331913,222128,211201,173534,9034,-172659
331657,222123,211142,174110,9186,-171529
330797,222980,211086,174562,9241,-170474
329696,224237,211042,175001,9315,-168951
329215,224691,211014,175214,9306,-168371
328983,224596,210963,175353,9187,-167668
329013,224114,210919,175811,9213,-166905
328938,223837,210879,176047,9176,-166163
328763,223447,210920,176320,9128,-165828
328919,223437,211859,176791,9070,-165383
329277,223680,213138,176790,9119,-165296
330470,223616,215316,177189,9438,-165015
331379,223618,217528,177486,9721,-164846
331938,223348,219645,177886,9690,-164663
332366,223443,222049,178029,9738,-164624
332934,223675,224374,178100,9671,-164590
333405,223759,226754,178246,9639,-164545
333576,224062,229304,178424,9532,-164548
334370,224975,233022,178592,9880,-164498
334302,226477,236785,178775,10001,-164405
334763,227190,240041,179031,10242,-164328
334579,228947,243994,179160,10444,-164287
333630,231201,244775,179159,10462,-164136
333642,233337,251680,178955,10867,-164049
333595,235884,255826,178710,11460,-163963
333443,238155,259881,178521,11955,-163791
333854,239928,262449,178321,12620,-163774
333866,243036,268471,178032,13585,-163436
334516,244408,272088,177862,14331,-163343
334855,245746,275085,177639,14919,-163280
335275,246968,277216,177452,15687,-163216
336272,247548,279599,177287,16264,-163222
337172,248243,280732,177059,16751,-163258
338396,249179,280698,176909,17200,-163327
339948,250368,282227,176619,17937,-163391
342248,252121,281636,176429,18417,-163426
344269,253653,282229,176247,18877,-163475
346839,255815,281512,176002,19151,-163556
349061,257490,279909,176006,19141,-163555
352105,260022,279582,175699,19546,-163662
355180,262358,278157,175618,19722,-163690
357982,264958,276476,175333,19784,-163698
361320,267623,272947,175355,19616,-163580
364046,269675,271259,175367,19679,-163491
364893,270313,270428,175371,19670,-163490
365608,271123,269123,175266,19543,-163503
366004,271819,267444,175176,19241,-163457
366125,271911,266962,175198,19184,-163450
366136,272375,266032,174993,18989,-163536
366472,272640,265619,174991,18974,-163537
366318,272734,265111,174912,18848,-163571
366397,273018,264353,174825,18716,-163609
366569,273328,263293,174777,18558,-163632
366569,273328,263293,174777,18558,-163632
366590,273408,263080,174752,18520,-163643
366526,273888,262287,174503,18327,-163745
366661,274191,261329,174439,18176,-163774
367109,274543,259427,174520,17950,-163750
367341,274719,258445,174565,17836,-163736
367529,275003,257350,174539,17680,-163751
367956,275326,255506,174667,17552,-163736
368377,275644,254282,174742,17445,-163392
368794,275964,254059,174705,17680,-163247
369053,276159,253337,174746,17669,-163134
369489,276488,251389,174878,17454,-162960
369713,276657,250376,174919,17335,-162960
370307,277107,248576,174986,17271,-162816
370936,277584,246337,175080,17122,-162681
371405,277939,244689,175121,17012,-162667
372036,278416,242373,175183,16845,-162647
372598,278842,240337,175266,16719,-162515
373015,279156,238244,175356,16476,-162490
373603,279601,235850,175427,16281,-162468
374258,280095,232398,175574,15882,-162427
374791,280499,230428,175615,15770,-162413
375706,281191,226229,175751,15398,-162374
376679,281930,222958,175812,15312,-162253
377406,282481,219822,175890,15094,-162229
378159,283053,217111,175922,15003,-162216
378849,283575,213563,176033,14692,-162185
379166,283814,211466,176120,14453,-162163
379654,284183,208916,176187,14265,-162145
379923,284388,208027,176196,14238,-162141
380062,284493,207047,176236,14127,-162131
380342,284707,206323,176220,14170,-162132
380512,284835,205376,176249,14089,-162125
380796,285051,204372,176252,14081,-162122
381192,285354,203702,176201,14216,-162129
381520,285603,202457,176211,14188,-162124
381688,285732,202350,176176,14285,-162131
381928,285915,201536,176175,14286,-162129
381928,285915,201536,176175,14286,-162129
381956,285936,201322,176183,14261,-162127
381956,285936,201322,176183,14261,-162127
381816,285827,201652,176235,14122,-162119
381555,285619,202822,176346,14015,-162118
381717,285728,204443,176435,13576,-162097
381663,285672,207227,176524,13339,-162094
381300,285376,210631,176705,12845,-162080
381043,285163,214438,176850,12449,-162074
381209,285278,217609,176854,12445,-162087
381905,285794,221947,176714,12844,-162129
381399,288282,226139,176506,13427,-161906
381504,289785,229662,176278,13987,-161929
380973,292508,233870,175927,14703,-161853
379101,296530,237585,175223,15168,-161965
377327,300444,241073,174117,15543,-162503
375176,303798,243074,173791,15760,-162827
373076,307407,245449,172414,15640,-163652
370257,310796,246011,171712,15440,-164052
367387,314219,246640,171349,15305,-164088
363900,318319,246659,171178,15255,-163710
360726,321912,246659,171056,15186,-163604
357834,325123,246659,170922,15107,-163605
352877,329928,244926,170861,14653,-163757
348863,333211,242839,171010,14222,-163576
343730,337194,239657,171509,13721,-163036
338331,340875,235585,172249,13137,-162328
333099,344218,231587,173049,12601,-161588
329555,346154,228632,173733,12198,-161055
325923,348076,225460,174022,11594,-160634
322694,349753,222750,174294,11088,-160145
321505,349784,220624,174815,10847,-159950
320880,349623,219183,175233,10715,-159731
320961,348713,217904,175803,10601,-159564
321378,348003,217286,176317,10710,-159495
321976,347138,216701,176997,10901,-159249
322555,346616,216724,177325,11063,-159133
322825,346372,216755,177686,11241,-159004
322944,346266,216763,177782,11288,-158969
322978,346235,216766,177803,11300,-158996
322978,346235,216766,177803,11300,-158996
322978,346235,216766,177803,11300,-158996
322978,346235,216766,177803,11300,-158996
322978,346235,216766,177803,11300,-158996
322841,346085,216766,177881,11222,-158394
322839,346082,216236,178119,11246,-157625
322689,345919,215672,178394,11171,-156464
322514,345727,215013,178713,11076,-155094
322388,345589,214544,179052,11013,-153518
322388,345589,214544,179300,11031,-152220
322523,345474,214567,179707,11069,-151661
322703,345312,214582,179960,11175,-150704
323257,344817,214632,-179526,11327,-150346
323554,344553,214662,-179271,11408,-150254
323705,344419,214677,-179141,11449,-150207
324161,344013,214727,-178748,11572,-150065
324278,343909,214741,-178647,11604,-150028
324539,343677,214772,-178422,11674,-149946
324547,343670,214773,-178439,11679,-150059
324518,343141,216917,-178351,11997,-150238
324511,342805,218217,-178328,12200,-150535
324424,342060,221263,-178234,12647,-150786
324595,341247,223681,-177996,13076,-151122
324523,340174,227660,-177795,13681,-151325
324105,340308,228650,-177490,13902,-151108
324489,338711,232935,-176882,14653,-151005
324947,337285,236354,-176244,15326,-151047
325472,335862,239523,-175512,15968,-150887
325912,334720,241975,-174944,16486,-150884
326399,333575,244295,-174273,16974,-150618
326831,332283,247155,-173599,17540,-150421
326595,330542,252743,-173146,18384,-150255
326078,329775,256016,-173218,18805,-150366
325495,328826,259827,-173226,19291,-150353
324446,327673,264989,-173488,19916,-150573
322912,326443,271063,-174165,20634,-151333
320948,325359,277314,-175206,21287,-152341
318393,323384,286298,-176343,22283,-153504
316880,322274,291242,-176939,22795,-153929
315414,321017,296253,-177420,23339,-154240
313971,319709,301168,-177879,23883,-154567
312258,317820,306009,-178320,24435,-155154
310920,316350,312002,-178857,25153,-155634
309583,314052,317679,-178886,25823,-156108
308769,311249,323087,-178384,26713,-156202
308637,308300,328417,-177412,27839,-155961
308688,305075,333235,-176124,28835,-155659
308665,301953,338471,-174945,29983,-155318
309122,298358,343333,-174102,30925,-155125
309018,294588,349104,-173153,32026,-154958
310067,289381,354583,-173029,32868,-155527
311156,284492,358300,-172859,33446,-155840
312974,278862,363902,-172723,34356,-156779
316609,268123,371484,-172496,35516,-158131
319757,256931,379119,-172441,36559,-159541
322637,248378,383613,-172448,37100,-160753
324426,241654,387806,-172465,37719,-161647
325727,234655,392149,-172433,38269,-162550
326607,229613,395403,-172578,38678,-163173
327413,223203,399729,-172782,39236,-163983
328070,218270,402868,-172743,39615,-164327
328443,213014,406457,-172790,40067,-164797
329166,206378,410499,-172516,40532,-164949
329505,199325,414829,-172386,40998,-165396
330054,192557,418726,-172332,41500,-166029
330367,185534,422838,-172360,42030,-166636
331049,178334,426344,-172359,42465,-167413
331866,170770,429377,-172515,42870,-168517
333007,162812,431285,-172562,43104,-169434
334502,154445,432935,-172562,43109,-170704
336137,145867,433401,-172560,43162,-172152
338039,137381,432907,-172446,42901,-173431
339592,126615,433561,-172829,42942,-175633
341467,118052,433375,-173035,42878,-177338
342950,109292,433006,-173378,42735,-179320
343709,102548,433882,-173915,42809,179119
344953,92460,435148,-174364,42880,177014
344734,85812,436740,-174834,43012,175734
345179,77623,436256,-175179,42916,174184
344442,69457,438631,-176029,42940,172492
343880,64423,438906,-176389,42835,171510
342318,55481,439896,-176593,42847,170025
339802,46669,440921,-176840,42801,168630
335357,35980,442979,-176947,42973,166945
331428,29198,444633,-176909,43074,166194
325513,21150,447091,-176749,43257,165521
318648,14009,449602,-176671,43427,164988
310499,7609,453631,-176457,43945,164700
301897,2564,454933,-176103,43914,164844
286328,-3701,459791,-176086,44426,164729
277920,-5332,461059,-175930,44763,164845
267117,-8044,461776,-175905,44871,164512
257084,-9108,459893,-175788,44736,164666
249013,-9611,459624,-176064,45093,164457
238058,-10263,458731,-176612,45881,164099
231053,-10545,458163,-177104,46698,163918
224426,-10713,457126,-177811,47548,163534
214985,-11068,455286,-178899,48678,162702
208762,-11684,453121,-179678,50459,161806
202757,-11965,450653,179420,50923,161315
196635,-12428,448147,178617,52027,160646
187265,-12934,443509,177091,53537,159392
179350,-13488,439625,175800,54958,158301
171202,-14147,435480,174533,56206,157137
164747,-14960,432405,173961,57403,156567
156702,-15589,428660,172983,58662,155788
147979,-16032,424813,171879,60138,155116
141254,-16400,422074,170800,61287,154326
133355,-16724,420935,169314,62819,153293
125660,-16969,417320,168278,64129,152740
120353,-16986,415686,167044,65228,151953
116129,-17185,414136,166381,66039,151520
111599,-17405,413883,165580,67139,151006
108639,-17574,411633,165653,67702,151243
103148,-17729,409363,165500,68835,151500
96519,-17954,406003,165584,70187,152038
91449,-18127,402456,165169,71045,151901
87567,-18393,399512,165148,71844,152032
82061,-18921,395204,165935,72860,152877
78800,-19220,390213,166123,73734,153216
75209,-19543,386692,165821,74950,153133
71318,-19664,381394,166621,76043,154112
69593,-19748,376332,168019,76428,155610
67226,-19815,369509,169678,77458,157493
64331,-19676,364962,171088,78830,159290
63026,-19252,359861,173398,79714,162049
62342,-18660,354706,176951,80496,166124
62619,-17877,349030,-179762,80870,169973
62537,-16880,343824,-174775,81578,174562
62421,-15849,338225,-169765,82556,179356
62518,-14811,332740,-165827,82996,-173911
62576,-13900,327136,-161821,83389,-169295
62431,-13255,321340,-159617,83528,-166658
61926,-12784,318311,-159235,83864,-165952
61855,-12038,311650,-162089,83833,-168338
