54952,0,203386,0,85000,0
54952,0,203386,0,85000,0
54952,0,203386,0,85000,0
54952,0,203386,0,85000,0
54952,0,203386,0,85000,0
54952,0,203386,0,85000,0
54952,0,203386,0,85000,0
54952,0,203386,0,85000,0
54952,0,203386,0,85000,0
54952,0,203386,0,85000,0
54952,0,203386,0,85000,0
54952,0,203386,0,85000,0
54952,0,203386,0,85000,0
54952,0,203386,0,85000,0
54952,0,203386,0,85000,0
54952,0,203386,0,85000,0
54952,0,203386,0,85000,0
54952,0,203386,0,85000,0
54952,0,203386,0,85000,0
54952,0,203386,0,85000,0
54952,0,203386,0,85000,0
54952,0,203386,0,85000,0
54952,0,203386,0,85000,0
54952,0,203386,0,85000,0
54952,0,203386,0,85000,0
54952,0,203386,0,85000,0
54952,0,203386,0,85000,0
54952,0,203386,0,85000,0
54952,0,203386,0,85000,0
54952,0,203386,0,85000,0
54952,0,203386,0,85000,0
54952,0,203386,0,85000,0
54952,0,203386,0,85000,0
54952,0,203386,0,85000,0
54952,0,203386,0,85000,0
54952,0,203386,0,85000,0
54952,0,203386,0,85000,0
54952,0,203386,0,85000,0
54952,0,203386,0,85000,0
54952,0,203386,0,85000,0
54952,0,203386,0,85000,0
54952,0,203386,0,85000,0
54952,0,203386,0,85000,0
54952,0,203386,0,85000,0
54952,0,203386,0,85000,0
54952,0,203386,0,85000,0
54952,0,203386,0,85000,0
54952,0,203386,0,85000,0
54952,0,203386,0,85000,0
54952,0,203386,0,85000,0
54952,0,203386,0,85000,0
54952,0,203386,0,85000,0
54952,0,203386,0,85000,0
54952,0,203386,0,85000,0
54952,0,203386,0,85000,0
54952,0,203386,0,85000,0
54952,0,203386,0,85000,0
54952,0,203386,0,85000,0
54952,0,203386,0,85000,0
54952,0,203386,0,85000,0
54952,0,203386,0,85000,0
54952,0,203386,0,85000,0
54952,0,203386,0,85000,0
54952,0,203386,0,85000,0
54952,0,203386,0,85000,0
54952,0,203386,0,85000,0
54952,0,203386,0,85000,0
54952,0,203386,0,85000,0
54952,0,203386,0,85000,0
54952,0,203386,0,85000,0
54952,17,203387,0,84999,18
55196,143,203704,0,85140,149
55498,384,205849,2120,85180,2524
55647,618,210679,710,84191,1337
55833,732,214776,-791,83213,-83
56262,822,217882,-461,83029,319
56801,951,220172,-1441,83051,-557
57567,982,222369,-6125,83455,-5257
58589,973,225593,-13262,83967,-12440
59758,951,229750,-20545,84305,-19770
60813,897,232765,-30942,84519,-30232
61786,744,233967,-48362,84566,-47769
62973,508,235383,-65621,84517,-65157
64541,335,238618,-77262,84096,-76887
66407,331,244153,-79562,83973,-79197
68710,363,250316,-81018,83998,-80645
71637,391,255555,-85208,83884,-84822
74488,381,259305,-90978,83642,-90589
77092,262,261683,-99396,83217,-99046
79389,147,263769,-106129,82726,-105812
83453,314,268394,-109309,81933,-108859
86611,126,272353,-114716,81190,-114337
90584,58,276643,-119432,80660,-119068
95460,-8,280957,-124704,79981,-124348
100602,-90,284499,-130268,79193,-129923
105579,-165,287462,-134058,78183,-133706
110691,-358,290665,-138485,76988,-138186
116235,-553,294941,-141881,75832,-141647
122157,-753,300006,-144862,74776,-144718
128048,-1008,305595,-147443,73682,-147426
133627,-1057,309377,-149712,72549,-149682
138823,-564,314132,-152417,71188,-152256
143545,-241,320793,-154667,69826,-154425
148227,792,325483,-156364,68403,-155833
152874,1950,330482,-157681,67116,-156818
158642,3541,334799,-158947,65707,-157631
163061,5248,339473,-160029,64341,-158260
167451,7126,344031,-160976,63001,-158733
171661,9175,348132,-161868,61531,-159124
176046,11483,352330,-162446,60146,-159136
180666,14086,356364,-163153,58789,-159256
185421,17090,359918,-164049,57303,-159485
190540,20356,362622,-164544,56087,-159258
194819,23860,365492,-165018,54430,-158978
201842,27992,368139,-165752,52638,-158849
207995,32497,369914,-165973,50460,-158250
212863,36957,370593,-166506,48814,-157939
219361,42089,370941,-167364,46891,-157904
225904,47402,370419,-168227,45003,-157865
232337,52548,368950,-168840,42841,-157698
238785,57984,367388,-169597,40837,-157622
245417,63221,365398,-170009,39076,-157324
251611,68499,362454,-170588,36980,-157182
257821,74074,358877,-171342,35009,-157128
264126,79857,354555,-172266,33179,-157174
270367,85791,349724,-173133,31370,-157155
276529,91860,344456,-174072,29616,-157173
283191,97357,339124,-174803,28288,-157165
288888,103732,334280,-175531,27228,-156952
294059,109708,330032,-176409,26435,-156907
298427,115771,326193,-177290,25837,-156816
301999,121880,322508,-177824,25378,-156433
305111,128619,318824,-178324,25063,-155915
308388,136057,315791,-178562,25172,-155135
311437,143371,313281,-178489,25445,-154161
313588,150414,311445,-178488,25586,-153251
315035,157378,310321,-178489,25550,-152336
316706,163933,309619,-178488,25608,-151517
318536,169852,308939,-178604,25567,-150908
320418,174568,308389,-178780,25216,-150829
322284,178079,308263,-179064,24673,-150962
324885,179798,308290,-179049,24064,-150915
327397,181181,308632,-179154,23350,-151213
330017,182258,308727,-178951,22444,-151256
332518,183053,308224,-178567,21233,-151134
334932,184195,307386,-178517,20105,-151340
337207,185760,306378,-178436,19087,-151327
339556,186938,305741,-178400,18413,-151474
341472,187191,306326,-177895,18069,-151314
342951,187304,306344,-177459,17643,-151187
343425,187137,307883,-177200,17601,-151119
343405,187149,308974,-177218,17622,-151137
343531,187219,309504,-177219,17731,-151138
343414,187150,309461,-177218,17641,-151142
343414,187150,309461,-177218,17641,-151142
343347,187111,309436,-177218,17590,-151145
343347,187111,309436,-177218,17590,-151145
343347,187111,309436,-177218,17590,-151145
343347,187111,309436,-177218,17590,-151145
343347,187111,309436,-177218,17590,-151145
343347,187111,309436,-177218,17590,-151145
343347,187111,309436,-177218,17590,-151145
343347,187111,309436,-177218,17590,-151145
343347,187111,309436,-177218,17590,-151145
343347,187111,309436,-177218,17590,-151145
343347,187111,309436,-177218,17590,-151145
343347,187111,309436,-177218,17590,-151145
343347,187111,309436,-177218,17590,-151145
343347,187111,309436,-177218,17590,-151145
343347,187111,309436,-177218,17590,-151145
343347,187111,309436,-177218,17590,-151145
343347,187111,309436,-177218,17590,-151145
343347,187111,309436,-177218,17590,-151145
343347,187111,309436,-177218,17590,-151145
343347,187111,309436,-177218,17590,-151145
343347,187111,309436,-177218,17590,-151145
343347,187111,309436,-177218,17590,-151145
343347,187111,309436,-177218,17590,-151145
343347,187111,309436,-177218,17590,-151145
343347,187111,309436,-177218,17590,-151145
343347,187111,309436,-177218,17590,-151145
343347,187111,309436,-177218,17590,-151145
343347,187111,309436,-177218,17590,-151145
343347,187111,309436,-177218,17590,-151145
343347,187111,309436,-177218,17590,-151145
343176,187016,308718,-177217,17442,-151144
344475,185499,305033,-177847,16902,-152086
347604,183073,297740,-178933,15770,-153643
352163,179414,286705,180000,14060,-156492
354800,177334,280220,179262,12974,-158363
356091,176282,277540,178568,12489,-160253
356805,175911,276812,178279,12457,-161682
356805,175911,276812,178044,12423,-162775
356198,176493,277557,177317,12409,-163789
356092,176708,277559,177007,12346,-164541
355784,177328,277559,176917,12324,-164866
355784,177328,277559,176864,12311,-165111
355857,177180,277557,176974,12333,-165074
356629,175714,276007,176969,12051,-165591
356461,176541,272663,176564,11368,-166244
357014,177517,266087,176374,9955,-166710
358272,178823,261446,176100,9210,-166949
358620,179472,258278,175921,8650,-167126
358903,179610,257342,175952,8520,-167121
358651,179487,258178,175919,8634,-167162
358429,179378,258907,175895,8735,-167165
358429,179378,258907,175895,8735,-167165
358429,179378,258907,175895,8735,-167165
358429,179378,258907,175895,8735,-167165
358429,179378,258907,175879,8728,-167270
358820,179144,258155,176153,8684,-167174
359827,179473,254994,176353,8268,-167125
361715,180005,248972,176551,7434,-167148
363379,180820,242866,176750,6593,-167124
364398,181319,237486,176934,5814,-167104
365132,181618,234582,177063,5423,-167082
365132,181618,234582,177063,5423,-167082
365132,181618,234582,177063,5423,-167082
365132,181618,234582,177063,5423,-167082
365132,181618,234582,177063,5423,-167082
365132,181618,234582,177063,5423,-167082
364995,181553,234567,177084,5329,-167078
364995,181553,234567,177084,5329,-167078
364995,181553,234567,177084,5329,-167078
364928,181692,234571,176986,5306,-167112
364928,181692,234571,176986,5306,-167112
364928,181692,234571,176986,5306,-167112
364928,181692,234571,176986,5306,-167112
364928,181692,234571,176986,5306,-167112
364928,181692,234571,176986,5306,-167112
364928,181692,234571,176986,5306,-167112
364928,181692,234571,176986,5306,-167112
364928,181692,234571,176986,5306,-167112
364928,181692,234571,176986,5306,-167112
364928,181692,234571,176986,5306,-167112
364928,181692,234571,176986,5306,-167112
364928,181692,234571,176986,5306,-167112
364928,181692,234571,176986,5306,-167112
364928,181692,234571,176986,5306,-167112
364928,181692,234571,176986,5306,-167112
364928,181692,234571,176986,5306,-167112
364928,181692,234571,176986,5306,-167112
364928,181692,234571,176986,5306,-167112
364928,181692,234571,176986,5306,-167112
364995,181553,234567,177084,5329,-167078
364995,181553,234567,177084,5329,-167078
364995,181553,234567,177084,5329,-167078
364995,181553,234567,177084,5329,-167078
364995,181553,234567,177084,5329,-167078
364995,181553,234567,177084,5329,-167078
364926,181696,234571,176983,5305,-167113
364926,181696,234571,176983,5305,-167113
364926,181696,234571,176983,5305,-167113
364739,181605,235328,176958,5409,-167116
365083,179615,235610,176961,5397,-167388
364759,175867,236585,177272,5450,-167201
364481,169970,238497,177727,5609,-167210
364653,159762,242736,178816,6076,-167158
364556,150038,247885,179309,6777,-167774
364245,138883,254143,179821,7564,-168411
363426,126453,261701,-179605,8557,-169127
361780,113065,270512,-179336,9711,-170318
359388,98089,279344,-178835,10885,-171566
356733,82761,289458,-178222,12365,-172805
353060,67690,298602,-177567,13690,-174130
348414,52714,306354,-176743,14697,-175395
343254,38838,314353,-176164,15867,-176683
337261,25850,322177,-175822,17156,-178095
331154,13988,330234,-175417,18218,-179445
325284,3632,337618,-174927,19364,179315
320229,-4778,344465,-174885,20538,177874
316032,-11543,350169,-174951,21564,176633
312522,-16646,354640,-175111,22375,175610
309663,-20609,358115,-175245,23011,174794
307650,-23677,360458,-175271,23444,174201
306583,-25267,361671,-175285,23669,173890
306587,-26306,361553,-175283,23648,173697
306599,-26109,361532,-175428,23640,173647
306613,-25883,361507,-175594,23632,173590
306769,-25885,361574,-175600,23738,173599
306916,-25888,361637,-175605,23838,173608
306891,-25887,361626,-175604,23821,173606
306891,-25887,361626,-175604,23821,173606
306891,-25887,361626,-175604,23821,173606
306891,-25887,361626,-175604,23821,173606
306891,-25887,361626,-175604,23821,173606
306891,-25887,361626,-175604,23821,173606
306891,-25887,361626,-175604,23821,173606
306891,-25887,361626,-175604,23821,173606
306891,-25887,361626,-175604,23821,173606
306891,-25887,361626,-175604,23821,173606
306891,-25887,361626,-175604,23821,173606
306891,-25887,361626,-175604,23821,173606
306941,-25888,361648,-175606,23854,173609
306941,-25888,361648,-175606,23854,173609
306941,-25888,361648,-175606,23854,173609
306931,-26039,361664,-175496,23860,173648
306931,-26039,361664,-175496,23860,173648
306931,-26039,361664,-175496,23860,173648
306922,-26195,361681,-175381,23866,173687
306922,-26195,361681,-175381,23866,173687
306922,-26195,361681,-175381,23866,173687
306922,-26195,361681,-175381,23866,173687
306922,-26195,361681,-175381,23866,173687
306922,-26195,361681,-175381,23866,173687
306922,-26195,361681,-175381,23866,173687
306922,-26195,361681,-175381,23866,173687
306922,-26195,361681,-175381,23866,173687
306922,-26195,361681,-175381,23866,173687
306922,-26195,361681,-175381,23866,173687
306922,-26195,361681,-175381,23866,173687
306922,-26195,361681,-175381,23866,173687
306922,-26195,361681,-175381,23866,173687
306922,-26195,361681,-175381,23866,173687
306922,-26195,361681,-175381,23866,173687
306922,-26195,361681,-175381,23866,173687
306922,-26195,361681,-175381,23866,173687
306922,-26195,361681,-175381,23866,173687
306922,-26195,361681,-175381,23866,173687
306922,-26195,361681,-175381,23866,173687
306922,-26195,361681,-175381,23866,173687
306922,-26195,361681,-175381,23866,173687
307337,-26217,361144,-175375,23766,173690
307337,-26217,361144,-175375,23766,173690
307305,-26551,361127,-175484,23761,173562
308167,-27692,359141,-175542,23459,173439
309098,-29783,354607,-175599,22542,173383
310601,-32604,349904,-175437,21599,173447
312871,-37175,343551,-175345,20579,173383
314612,-41819,337973,-175168,19310,173406
316179,-48745,330949,-174902,17980,173436
316893,-58699,323809,-174484,16781,173490
316755,-68329,318600,-174126,15353,173481
316522,-72356,316210,-174060,14839,173476
316156,-76621,313902,-173906,14328,173495
314961,-85002,309791,-173752,13406,173537
313711,-98200,301225,-173456,11817,173685
308896,-120696,291108,-173066,9241,173975
305711,-128694,290998,-172797,9012,174211
303496,-133816,290982,-172741,8903,174322
301321,-138633,290971,-172648,8782,174529
300190,-141065,290971,-172564,8711,174623
299113,-143335,290971,-172480,8639,174741
298833,-143918,290971,-172437,8602,174915
298833,-143918,290971,-172421,8588,175023
298908,-143747,290957,-172540,8629,174984
298908,-143747,290957,-172540,8629,174984
298970,-143608,290945,-172636,8663,174952
298970,-143608,290945,-172636,8663,174952
298970,-143608,290945,-172636,8663,174952
298970,-143608,290945,-172636,8663,174952
298970,-143608,290945,-172636,8663,174952
298823,-143545,290916,-172669,8566,174940
298823,-143545,290916,-172669,8566,174940
298705,-143495,290892,-172696,8489,174930
298705,-143495,290892,-172696,8489,174930
298705,-143495,290892,-172696,8489,174930
298705,-143495,290892,-172696,8489,174930
298705,-143495,290892,-172696,8489,174930
298705,-143495,290892,-172696,8489,174930
298705,-143495,290892,-172696,8489,174930
298645,-143633,290904,-172601,8456,174961
298645,-143633,290904,-172601,8456,174961
298645,-143633,290904,-172601,8456,174961
298645,-143633,290904,-172601,8456,174961
298833,-142430,291592,-172577,8582,175059
299703,-140155,292839,-172660,8893,175040
301252,-135631,294688,-172815,9323,175000
302856,-130949,295400,-173403,9736,174889
306279,-123104,295767,-174013,10064,174858
309157,-115662,295736,-174602,10280,175184
312478,-107135,295922,-174977,10575,175814
315831,-97692,297093,-175179,11123,176580
320086,-84625,297613,-175615,11487,177602
323763,-70525,298529,-176080,11916,179051
326512,-58698,298712,-176575,12286,179960
329209,-46766,299310,-177060,12871,-179058
331082,-35217,299410,-177380,13218,-178141
332727,-23860,300048,-177564,13650,-177165
333799,-12407,300159,-177739,13974,-176047
334815,1686,300839,-178211,14531,-174977
335594,11447,300818,-178671,14843,-174274
336071,23823,300285,-179330,15187,-173392
336710,35658,299460,-179585,15542,-172409
336469,49936,297981,-179829,15632,-171320
336330,64851,296323,179410,15971,-170096
335522,79556,294833,178815,16353,-169023
333920,91447,293640,178471,16553,-168041
332508,104113,291618,177872,16500,-167188
330487,119382,290408,177095,16739,-166139
328321,132246,288399,176377,16951,-165371
325835,144839,287094,175908,17082,-164450
322669,160356,285376,175107,17207,-163452
319081,173002,283631,174487,17237,-162642
315491,185551,281721,174056,17287,-161637
311411,198229,279898,173591,17360,-160735
306954,211265,277781,172877,17387,-159940
302443,223664,275195,172156,17295,-159183
298228,235079,271648,171479,16943,-158676
293456,246733,267612,170753,16599,-158436
290505,254770,264380,170546,15992,-157753
288539,260302,262295,170301,15855,-157483
285704,266454,259525,170193,15448,-156951
283385,270411,257253,170261,15259,-156293
282076,272332,256121,170317,15103,-155942
282557,272600,254543,170394,14885,-155941
282695,272952,253547,170328,14707,-155989
283225,273447,251343,170436,14403,-155962
283961,274202,249332,170416,14323,-156001
284744,274928,246120,170563,13911,-155968
285199,275898,243549,170373,13557,-156107
285976,276800,241074,170313,13414,-156177
286247,277240,239409,170299,13154,-156210
286830,278106,237287,170158,13012,-156320
287806,279179,235775,170010,13125,-156424
288593,280366,234063,169675,13273,-156642
289591,281497,231210,169538,13213,-156845
290361,282341,228577,169508,13067,-156909
290970,282908,225333,169667,12636,-156873
291385,283294,223057,169768,12325,-156902
291880,283521,220890,169991,12082,-156812
292083,283558,220134,170086,11994,-156854
292464,283912,217928,170193,11702,-156832
292797,284223,215950,170289,11441,-156813
293056,283857,214106,170778,11068,-156565
293379,284440,212132,170692,10855,-156651
293321,284709,211550,170560,10719,-156739
293247,285138,211270,170285,10664,-156943
293181,285886,211176,169875,10534,-157179
293424,286323,211588,169731,10598,-157247
293711,287404,213428,169342,10449,-157433
293590,288155,214180,169446,10237,-157047
293629,288746,214987,169474,10113,-156944
292337,291001,217518,169905,9883,-156114
291998,291769,219808,170756,9751,-155232
291637,292107,222013,172117,9435,-154177
290904,292950,222869,172940,9140,-153462
290332,293534,228124,174236,8892,-152757
289424,294611,232332,174852,8603,-152659
288371,295499,235957,175395,7990,-152545
287800,295004,240610,176140,7234,-152480
287936,294826,242605,176427,6684,-152738
291018,295867,251305,176886,8164,-152925
292721,296685,255534,176960,9150,-153076
294413,297210,261061,177087,10370,-153213
295273,296870,267813,177220,11684,-153206
295852,296348,274233,177349,12905,-153149
296036,295786,277603,177484,13541,-153176
296512,295653,278816,177659,13944,-153103
296512,295653,278816,177659,13944,-153103
296626,295772,278858,177623,14045,-153107
296597,295982,278884,177487,14090,-153147
296879,296278,278988,177398,14341,-153159
296757,296158,279904,177325,14550,-153173
297959,293217,281837,177283,14758,-153480
300751,287029,286015,177564,15392,-153924
305285,276037,294895,178473,16947,-154616
308916,265904,303116,179140,18256,-155214
311733,255456,313029,179494,19796,-156286
313069,244494,324421,179745,21527,-157370
312656,237859,332865,179523,22740,-158135
311578,233401,339374,179222,23653,-158667
310311,231785,342853,178808,24080,-158946
308838,230901,345809,178515,24460,-159057
308285,230964,346457,178207,24480,-159167
307923,231133,346738,177940,24454,-159260
307952,231157,346755,177932,24479,-159261
307952,231157,346755,177973,24482,-159164
307952,231157,346755,177973,24482,-159164
307952,231157,346755,177973,24482,-159164
308068,231255,346823,177939,24582,-159168
308209,231374,346905,177899,24703,-159173
308209,231374,346905,177899,24703,-159173
308209,231374,346905,177899,24703,-159173
308209,231374,346905,177899,24703,-159173
308209,231374,346905,177899,24703,-159173
308209,231374,346905,177899,24703,-159173
308209,231374,346905,177899,24703,-159173
308209,231374,346905,177899,24703,-159173
308305,231249,346920,178010,24734,-159133
308372,231163,346934,178115,24764,-159096
308372,231163,346931,178087,24756,-159106
308372,231163,346931,178087,24756,-159106
308372,231163,346931,178087,24756,-159106
308372,231163,346931,178087,24756,-159106
308372,231163,346931,178087,24756,-159106
308372,231163,346931,178087,24756,-159106
308372,231163,346931,178087,24756,-159106
308372,231163,346931,178087,24756,-159106
308372,231163,346931,178087,24756,-159106
308418,231103,346938,178141,24771,-159088
308418,231103,346938,178141,24771,-159088
308418,231103,346938,178141,24771,-159088
308418,231103,346938,178141,24771,-159088
308418,231103,346938,178141,24771,-159088
308418,231103,346938,178141,24771,-159088
308418,231103,346938,178141,24771,-159088
309441,228125,346462,178209,24686,-159175
310883,222368,344454,178783,24260,-158887
314668,212708,340311,179496,23361,-159190
322318,191759,330333,-178838,21280,-160064
330613,169668,323805,-178107,19867,-161905
334560,157024,320059,-177626,18976,-163315
338275,144147,316352,-177225,18146,-164591
341501,131210,312357,-176760,17263,-165802
343716,118344,308994,-176430,16452,-167020
345712,105789,304761,-176112,15496,-168237
346786,93305,299800,-175868,14352,-169316
348041,78172,296395,-175603,13513,-170905
347949,65316,293513,-175391,12760,-172228
347638,55148,289075,-175173,11744,-173115
346846,42551,285716,-174983,10897,-174375
345284,25200,281467,-174781,9731,-176325
342419,8101,276536,-174598,8483,-178157
338726,-7935,271436,-174523,7195,-179809
333948,-21619,266114,-174413,5763,178920
330935,-31120,264524,-174371,5166,177801
329207,-37441,262550,-174357,4691,177019
327808,-43165,262472,-174527,4553,175895
327125,-46645,262089,-174728,4480,175159
326737,-49289,262089,-174728,4480,174696
326526,-50668,262089,-174728,4480,174454
326526,-50668,262089,-174728,4480,174454
326526,-50668,262089,-174728,4480,174454
326526,-50668,262089,-174728,4480,174454
326532,-50614,262084,-174763,4481,174442
326550,-50441,262069,-174876,4484,174402
326550,-50441,262069,-174876,4484,174402
326550,-50441,262069,-174876,4484,174402
326534,-50593,262082,-174777,4481,174437
326534,-50590,262082,-174779,4481,174436
326534,-50590,262082,-174779,4481,174436
326534,-50590,262082,-174779,4481,174436
326534,-50590,262082,-174779,4481,174436
326534,-50590,262082,-174779,4481,174436
326534,-50590,262082,-174779,4481,174436
326534,-50590,262082,-174779,4481,174436
326534,-50590,262082,-174779,4481,174436
326534,-50590,262082,-174779,4481,174436
326534,-50590,262082,-174779,4481,174436
326534,-50590,262082,-174779,4481,174436
326534,-50590,262082,-174779,4481,174436
326534,-50590,262082,-174779,4481,174436
326534,-50590,262082,-174779,4481,174436
326534,-50590,262082,-174779,4481,174436
326534,-50590,262082,-174779,4481,174436
326534,-50590,262082,-174779,4481,174436
326534,-50590,262082,-174779,4481,174436
326534,-50590,262082,-174779,4481,174436
326534,-50590,262082,-174779,4481,174436
326534,-50590,262082,-174779,4481,174436
326534,-50590,262082,-174779,4481,174436
326534,-50590,262082,-174779,4481,174436
326534,-50590,262082,-174779,4481,174436
326534,-50590,262082,-174779,4481,174436
326534,-50590,262082,-174779,4481,174436
326534,-50590,262082,-174779,4481,174436
326534,-50590,262082,-174779,4481,174436
326534,-50590,262082,-174779,4481,174436
326534,-50590,262082,-174779,4481,174436
326534,-50590,262082,-174779,4481,174436
326534,-50590,262082,-174779,4481,174436
326534,-50590,262082,-174779,4481,174436
326534,-50590,262082,-174779,4481,174436
326534,-50590,262082,-174779,4481,174436
326534,-50590,262082,-174779,4481,174436
326534,-50590,262082,-174779,4481,174436
326534,-50590,262082,-174779,4481,174436
326534,-50590,262082,-174779,4481,174436
326534,-50590,262082,-174779,4481,174436
326534,-50590,262082,-174779,4481,174436
326534,-50590,262082,-174779,4481,174436
326534,-50590,262082,-174779,4481,174436
326534,-50590,262082,-174779,4481,174436
326534,-50590,262082,-174779,4481,174436
326534,-50590,262082,-174779,4481,174436
326534,-50590,262082,-174779,4481,174436
326534,-50590,262082,-174779,4481,174436
326534,-50590,262082,-174779,4481,174436
326534,-50590,262082,-174779,4481,174436
326534,-50590,262082,-174779,4481,174436
326534,-50590,262082,-174779,4481,174436
326534,-50590,262082,-174779,4481,174436
326534,-50590,262082,-174779,4481,174436
326534,-50590,262082,-174779,4481,174436
326228,-49820,263075,-174773,4518,174546
325654,-47001,265335,-174910,5098,174461
324738,-41889,268928,-175148,5807,174359
324498,-34529,272624,-175625,6628,174497
324235,-27145,275419,-176068,7254,174644
324082,-18552,277853,-176686,7991,174866
323892,-9716,279755,-176819,8419,175676
323784,2528,281824,-176985,8946,176983
322741,16034,285207,-177191,9609,178201
321965,27360,287392,-177399,10324,179675
320861,41028,289622,-177631,10826,-178869
319616,52293,291410,-177841,11302,-177641
318906,63128,293568,-177844,12031,-176251
317368,75541,296450,-177458,12746,-174496
316353,88511,298507,-177255,13463,-172933
314748,99639,300675,-177295,14098,-171535
314091,111096,302642,-177114,14707,-170001
312509,139119,306129,-176414,16007,-165937
310918,153250,309426,-176116,16977,-163928
308991,165349,311544,-175943,17539,-162255
306313,177114,313830,-175830,17960,-160711
303729,188105,316035,-175938,18418,-159464
302665,198125,317968,-175797,19149,-158460
297474,216164,319285,-175172,19769,-155783
293195,222633,321504,-175259,20098,-154631
292322,223975,321968,-175316,20198,-154484
291750,224378,321901,-175279,20066,-154388
291720,224349,321888,-175272,20040,-154391
291732,224081,321872,-175100,19970,-154346
291868,223920,321910,-174952,20005,-154291
291868,223920,321910,-174952,20005,-154291
291868,223920,321910,-174952,20005,-154291
291868,223920,321910,-174952,20005,-154291
291868,223920,321910,-174952,20005,-154291
292920,223517,322412,-175493,19943,-154712
297804,222888,320809,-176000,19758,-154997
302534,222871,319065,-176275,19533,-155003
307719,223777,316651,-176771,19184,-154735
319700,228404,312528,-178169,18878,-153816
325277,232895,309163,-178720,18706,-153370
330202,237494,305807,-179040,18777,-152826
334048,241121,302692,-179316,18622,-152530
337251,243757,300492,-179361,18601,-152267
339755,245618,299013,-179335,18642,-152164
341686,247053,298025,-179304,18707,-152038
345094,247705,294779,-179464,18423,-152169
348272,249429,288664,-179358,17809,-151812
351099,250811,282596,-179103,17037,-151370
352618,251926,275563,-178851,16158,-150855
353940,253388,271950,-178986,16046,-150473
354981,254165,271383,-179010,16587,-150317
355883,254844,270426,-179051,16910,-150303
356804,255529,268473,-179030,16931,-150201
357360,255945,267530,-178995,17020,-150034
358569,256655,266514,-178921,17319,-149979
359510,257156,264750,-178776,17369,-149794
360501,257228,264017,-178796,17536,-149855
360583,257287,263703,-178791,17496,-149854
360781,257432,262928,-178780,17397,-149850
361101,257666,262418,-178743,17357,-149737
361856,257659,261816,-178863,17319,-149867
362755,257630,260194,-178844,17136,-149932
363615,257839,258162,-178955,16981,-150039
364477,257482,256511,-178932,16770,-150135
364760,258218,254280,-179018,16475,-150139
365994,257491,252237,-179137,16201,-150386
366363,257895,250339,-179357,15936,-150510
366936,258361,248378,-179372,15790,-150513
367376,258681,247259,-179372,15781,-150507
367882,259228,245174,-179457,15598,-150540
368555,259674,243114,-179392,15483,-150414
369069,260140,241012,-179427,15290,-150425
369673,260578,238988,-179400,15162,-150362
370479,260781,236744,-179533,14987,-150482
371073,261452,233985,-179647,14738,-150530
371651,262023,232268,-179736,14738,-150559
371977,262257,230723,-179716,14563,-150553
371932,262529,230930,-179904,14673,-150628
371865,262910,230964,179839,14757,-150734
371911,263180,230146,179714,14642,-150789
371734,263348,230333,179544,14648,-150863
371930,263455,229985,179559,14688,-150853
371991,263767,229249,179412,14614,-150917
372487,264315,227898,179343,14435,-150878
372796,264538,225901,179348,14382,-150873
373563,265091,224186,179399,14499,-150607
373924,265354,224263,179443,14780,-150314
374147,265326,223518,179587,14698,-150159
374652,265017,223280,179615,14775,-150082
374929,265216,222541,179614,14789,-150080
374929,265216,222541,179634,14789,-149999
374929,265216,222541,179672,14790,-149852
374929,265216,222541,179672,14790,-149852
375969,264136,221458,179278,14617,-150137
376277,264202,222207,179129,14758,-150264
376337,264449,221858,179024,14604,-150315
376227,264368,223192,179041,14441,-150315
376238,264371,224269,179079,14062,-150311
377333,263403,226234,179121,13806,-150427
377984,263472,227174,179152,13617,-150505
379133,262626,231826,179170,13332,-150638
380307,260899,236271,179185,13185,-150929
380860,259821,241335,179184,13212,-151060
381008,259537,243003,179403,13182,-150991
380946,258446,245514,179668,12747,-150990
380928,258110,246234,179835,12628,-151049
381354,257791,246634,-179835,12767,-150945
381461,257210,247541,-179481,12910,-150834
381490,256738,248450,-179218,13045,-150750
381609,256565,248457,-179076,13057,-150706
381779,256272,249675,-178871,13345,-150635
382144,256041,249733,-178611,13477,-150548
382586,255766,250938,-178315,13832,-150443
383197,255294,251393,-178219,14126,-150468
383151,255310,251448,-178256,14272,-150471
384322,252043,254189,-177527,14614,-150512
385153,247448,256781,-177704,14986,-151112
386283,241000,259951,-177315,15366,-151644
387741,232680,263796,-176807,15917,-152232
388910,222652,267956,-176102,16354,-152994
389087,211619,272467,-175087,16614,-153670
388099,200199,277809,-173953,16811,-154293
385539,189402,284158,-173414,17037,-155110
381732,178909,291259,-173369,17526,-156086
376855,166921,295799,-173402,17416,-157398
371685,156230,300902,-173469,17534,-158663
367134,146732,306023,-173564,17905,-159878
363509,132936,305175,-173235,17509,-161235
358914,120305,303928,-172976,16279,-163008
355664,105731,303635,-172338,15739,-164729
352418,95709,299790,-172267,14800,-166040
348979,83750,298076,-172349,13928,-167762
345112,71359,298327,-172417,13587,-169491
340712,61745,297455,-172668,13054,-170815
337491,55760,296910,-172894,12752,-171562
335458,51541,295676,-173307,12338,-172385
333850,48819,292997,-173590,11679,-172856
333106,46426,291028,-173688,11257,-173300
332779,45663,289221,-173769,10887,-173472
332515,43675,286952,-174044,10639,-173694
331669,41485,282441,-174557,9841,-174079
329351,38128,275859,-175520,8579,-175091
327320,36790,268582,-176245,7739,-175385
325758,36449,264015,-176751,7027,-175685
323800,38094,259012,-177886,6468,-176100
322628,39564,254901,-178938,6336,-176503
321752,40755,251535,-179783,6191,-176853
321044,41745,249256,179511,6119,-177160
321064,42333,248087,179491,6368,-177060
321296,42846,247572,179469,6645,-176978
322169,44493,247706,179414,7333,-176717
322857,47174,247849,179359,8003,-176275
322985,49589,247919,179334,8310,-175863
322508,51784,247414,179354,8310,-175332
321706,53033,246418,179372,8088,-175091
320915,54591,245187,179383,7948,-174809
320794,54571,244107,179374,8064,-174797
320367,54931,243433,179354,8312,-174725
319846,54841,241162,179346,8412,-174726
319280,54744,238163,179313,8831,-174731
318596,54627,235794,179298,9028,-174734
317874,53965,234580,179674,9076,-174445
317739,53799,233348,179761,9237,-174387
318159,53405,233482,-179934,9463,-174203
318141,53473,233338,-179679,9502,-173749
318016,52657,232362,-179110,9565,-173271
318497,51906,230955,-178433,10120,-172192
318005,51399,229820,-177760,9989,-171402
318088,51058,228650,-177495,9874,-171157
318115,50918,228658,-177395,9875,-171096
317871,50700,228249,-177255,9778,-170920
317896,50572,228256,-177171,9781,-170909
317984,50135,228283,-176857,9785,-170719
318025,49794,227875,-176597,9608,-170468
318097,49446,227899,-176343,9607,-170285
318171,49091,227926,-176088,9607,-170131
318245,48740,227953,-175836,9607,-169978
318086,48609,227931,-175767,9491,-169947
318175,48189,227967,-175467,9489,-169765
318066,48035,227955,-175376,9401,-169719
318085,47947,227963,-175312,9400,-169680
318120,47785,227978,-175196,9399,-169611
317842,47672,227637,-175179,9112,-169736
317344,47201,227074,-174941,8562,-169726
316998,47034,228007,-174904,8115,-169910
316824,46915,229874,-174874,7581,-170083
317087,47464,232312,-174720,7150,-170134
317495,48221,234836,-174372,6661,-169996
317950,50803,237204,-174026,6306,-169525
317501,52068,239648,-173712,5406,-169418
316345,55943,242625,-173760,4587,-169091
316237,58857,246071,-173719,4295,-168839
318338,64197,251646,-173886,5445,-168416
320392,69166,258259,-174080,6921,-168001
320531,72080,262664,-174086,7186,-167767
319863,76574,271000,-173688,6990,-167208
320400,78725,273966,-173695,7355,-166906
321353,82172,278714,-173009,8174,-166602
322655,86866,284953,-171941,9835,-166047
323320,86177,290404,-170514,10911,-165435
323640,87962,293419,-168727,11712,-164560
323242,91135,294589,-168793,12070,-164553
322130,94344,297537,-168458,12841,-164667
320132,96240,302684,-167126,14210,-164611
319330,96450,304464,-166586,14670,-164696
319389,96019,304686,-166013,14705,-164721
319400,95993,304694,-166028,14740,-164851
319400,95993,304694,-166028,14740,-164851
319400,95993,304694,-166028,14740,-164851
319400,95993,304694,-166028,14740,-164851
319237,95931,304207,-166017,14638,-164849
319237,95931,304207,-166017,14638,-164849
319237,95931,304207,-166017,14638,-164849
319237,95931,304207,-166017,14638,-164849
318652,97800,304162,-166188,14684,-164819
317084,100228,305882,-166571,14986,-164933
314889,104588,307780,-167391,15431,-165070
312017,110649,309742,-168634,15934,-165502
308241,117779,312906,-169986,16627,-165844
304389,126135,314095,-171381,16934,-166203
299582,135007,315338,-172680,17190,-166347
294658,144181,316034,-173596,17338,-166042
290175,153233,316389,-174499,17401,-165727
286888,160361,315416,-175393,17140,-165604
283616,170436,313472,-176900,17040,-165612
282211,178176,310250,-178135,16857,-165653
281389,184492,306877,-179006,16568,-165503
281264,188918,304008,-179548,16371,-165222
281551,193277,302162,179691,16471,-165121
282029,195066,299989,179520,16448,-164973
283791,196375,297865,179577,16373,-164937
285508,197642,293695,179726,15960,-164904
286536,198398,290678,179857,15556,-164962
287725,199265,287585,-179953,15083,-164912
288672,200187,284998,-179942,14704,-164925
289712,200945,282179,-179772,14360,-164891
290625,201611,279653,-179621,13893,-164845
291369,202742,277304,-179628,13487,-164878
291668,204004,274200,179938,12803,-165112
292109,204479,272763,179845,12523,-165173
292444,204724,271772,179904,12375,-165160
292569,205282,271014,179678,12244,-165258
292522,205356,270990,179623,12220,-165283
292924,205794,269561,179633,11979,-165299
293180,205981,268784,179679,11979,-165299
293663,206435,267147,179723,11601,-165293
293886,206754,266287,179693,11443,-165320
294349,207582,263986,179576,11009,-165407
294939,208177,261839,179618,10660,-165421
295866,208853,258819,179797,10215,-165389
296708,209466,256009,179962,9802,-165360
297747,210224,252444,-179829,9279,-165326
299145,211244,248372,-179593,8684,-165289
300252,212045,242805,-179231,7774,-165244
301399,212882,238353,-178976,7128,-165211
302259,213504,234301,-178704,6442,-165186
302906,213976,231603,-178552,6054,-165170
303570,214460,228759,-178392,5644,-165153
304082,214833,226507,-178266,5321,-165141
304437,215092,224914,-178176,5093,-165133
304831,215379,223112,-178076,4835,-165125
305634,215980,220959,-178057,4770,-165106
306346,216516,219432,-178089,4831,-165089
306667,216765,219522,-178195,5114,-165081
306789,216857,219349,-178211,5122,-165079
306921,216954,218707,-178175,5030,-165076
306921,216954,218707,-178175,5030,-165076
307038,217044,218717,-178211,5117,-165073
307120,217108,218725,-178236,5177,-165071
307230,217193,218735,-178270,5258,-165068
307230,217193,218735,-178270,5258,-165068
307230,217193,218735,-178270,5258,-165068
307230,217193,218735,-178270,5258,-165068
307006,216771,218832,-178038,5031,-165020
307053,216187,219817,-177602,4797,-164909
307549,215054,221669,-177169,4443,-164967
308624,214175,223744,-176746,4387,-164867
310950,212523,228816,-176462,4832,-165193
314207,210945,232677,-176398,5500,-165530
316894,208289,238872,-176105,6453,-165613
322465,203498,245687,-176137,7478,-166076
325492,200971,249437,-176360,8186,-166506
328562,198429,252039,-176627,8674,-166876
330122,196642,253763,-176836,8931,-166972
332093,194425,254946,-177268,9051,-167461
333035,192428,255122,-177512,8978,-167820
334764,188899,254976,-178282,8548,-168490
337319,183874,254845,-179104,8108,-169072
339478,178584,253614,-179323,7731,-169663
340751,174614,252181,-179458,7556,-169908
342180,168912,249958,-179226,6761,-170564
342935,165768,248572,-179247,6424,-170892
342561,163551,246059,-179510,5758,-171325
341915,162267,243906,-179785,5173,-171703
340782,161602,241751,180000,4503,-171945
340030,160709,240164,-179938,4017,-172068
338891,160570,238212,180000,3525,-172144
338478,160780,237710,179780,3345,-172226
338213,160653,237193,179816,3233,-172224
338008,160555,236793,179846,3146,-172186
338008,160555,236793,179859,3147,-171954
338008,160555,236793,179865,3147,-171832
338054,160458,236793,179871,3147,-171738
338054,160458,236793,179889,3148,-171419
337964,160644,236790,179791,3111,-170938
337772,161042,236786,179551,3035,-170434
337492,161623,236784,179186,2930,-169937
337492,161623,236784,179228,2941,-169118
337492,161623,236784,179264,2948,-168559
337492,161623,236784,179290,2957,-167900
337492,161623,236784,179311,2962,-167503
337760,161065,236786,179720,3053,-166954
337934,160705,236789,180000,3109,-166501
338189,160178,236798,-179634,3186,-166236
337988,160608,236802,-179508,3212,-166086
338088,160404,236807,-179365,3242,-166034
338182,160212,236812,-179231,3270,-165984
338348,159874,236822,-178994,3318,-165897
338904,158750,236868,-178220,3486,-165856
339260,158037,236906,-177724,3593,-165799
339480,157598,236933,-177423,3660,-165787
339492,157575,236934,-177423,3675,-166052
339544,157471,236941,-177364,3700,-166239
339652,157257,236956,-177235,3748,-166504
339701,157161,236962,-177167,3762,-166478
339740,157083,236968,-177111,3774,-166457
339740,157083,236968,-177119,3780,-166564
339086,156768,239328,-177225,4153,-166980
338375,157194,240811,-177277,4376,-166896
337598,156688,243701,-177328,4857,-167220
336802,157129,245475,-176943,5219,-167059
335526,157407,248811,-176366,5894,-166822
334218,159122,250317,-175903,6241,-166311
333250,159827,252095,-175618,6581,-165936
332113,160950,253688,-175518,6866,-165722
330789,162199,255545,-175478,7198,-165664
329101,163873,256961,-175466,7477,-165848
328495,164267,258717,-175586,7774,-166032
327392,165206,260348,-175395,8100,-165870
325817,166047,263110,-175413,8579,-165911
324251,167527,267030,-175006,9122,-165615
322634,169931,271780,-174824,10279,-165269
320457,171954,275201,-174654,10929,-164859
319042,172836,277159,-174740,11226,-164644
317294,174386,279315,-174219,11734,-164177
315451,175247,282281,-173965,12337,-164064
313104,175244,286861,-174233,13087,-164314
310917,174941,292356,-174586,14001,-164630
309551,174743,295914,-174758,14575,-164580
308854,174312,297518,-174833,14821,-164599
308854,174312,297518,-174833,14821,-164599
309183,174515,296731,-174796,14699,-164589
309183,174515,296731,-174796,14699,-164589
309183,174515,296731,-174796,14699,-164589
309183,174515,296731,-174796,14699,-164589
309094,174652,296704,-174905,14668,-164632
309177,174523,296729,-174802,14698,-164592
309177,174523,296729,-174802,14698,-164592
309177,174523,296729,-174802,14698,-164592
309392,174656,296213,-174778,14618,-164586
309392,174656,296213,-174778,14618,-164586
309392,174656,296213,-174778,14618,-164586
309392,174656,296213,-174778,14618,-164586
309392,174656,296213,-174778,14618,-164586
309392,174656,296213,-174778,14618,-164586
309392,174656,296213,-174778,14618,-164586
309307,174786,296187,-174881,14588,-164626
309310,174782,296188,-174878,14589,-164624
309310,174782,296188,-174878,14589,-164624
309310,174782,296188,-174878,14589,-164624
309310,174782,296188,-174878,14589,-164624
305120,177771,299451,-175526,15025,-164667
300051,182379,303052,-176821,15398,-165031
294241,187525,306969,-178289,15751,-165451
289293,192463,309821,-179620,16047,-166051
273179,214007,311004,176867,15703,-167030
255445,235464,310993,174555,15045,-166564
248723,242871,311014,173467,14669,-166837
231634,264128,306727,170878,13078,-166842
222637,277106,299274,170979,12146,-165814
220339,281107,295363,171287,11571,-165468
220648,283346,291252,171692,11046,-165218
222218,285361,285690,172237,10358,-165119
223214,286640,282385,172491,9984,-165150
223506,287015,281297,172597,9847,-165132
224212,287922,278629,172854,9513,-165088
224916,289734,274762,172836,8905,-165208
225006,290571,273025,172764,8509,-165277
225235,291471,271449,172643,8256,-165347
225274,291857,270638,172610,8071,-165380
225000,292071,270645,172424,7930,-165454
224516,292809,269969,172045,7503,-165621
223894,293623,269371,171579,7020,-165819
223439,293984,269399,171271,6781,-165938
222563,294684,269463,170678,6318,-166164
222563,294684,269463,170678,6318,-166164
222429,294791,269474,170587,6247,-166198
222173,294996,269496,170414,6111,-166263
221911,295207,269520,170237,5968,-166331
221776,295535,269576,170005,5928,-166406
221906,295954,269667,169756,6064,-166476
221954,296119,269703,169658,6116,-166504
222257,296818,269068,169448,6164,-166579
222218,297979,268506,169247,6425,-166518
221770,299273,267131,169157,6197,-166454
221486,300568,265546,169215,6120,-166307
221028,302597,263067,169304,6017,-166073
220431,304433,260728,169436,5955,-165835
219448,306643,257610,169703,5531,-165486
218612,308533,255331,169833,5375,-165212
218730,310125,252077,170044,5078,-165219
219029,311184,249787,170299,5035,-165280
219797,311389,246243,170909,4783,-165271
220415,311713,244246,171249,4667,-165285
221175,312001,242021,171684,4591,-165211
221770,312128,239036,172198,4388,-165091
222288,312014,236657,172687,4267,-165096
223643,311990,231936,173721,4133,-164902
224337,311877,229032,174341,4024,-164722
224573,311147,225052,175114,3711,-164532
225528,309711,220360,176459,3671,-164380
225825,308730,216055,177360,3364,-164330
225940,307531,212377,178200,3114,-164281
226152,306816,209579,178822,2937,-164150
226261,306346,208802,179106,2951,-164091
226742,306001,208815,179390,3182,-164232
227181,305688,208831,179654,3395,-164254
227349,305364,208834,179869,3440,-164416
227349,305356,208834,179874,3439,-164414
227542,305219,208843,180000,3533,-164345
227589,305186,208845,180000,3556,-164368
228025,304735,208866,-179628,3743,-164304
228456,304700,209330,-179472,3932,-164200
228881,304819,210414,-179342,4049,-164135
231858,304226,213785,-179321,4334,-164463
234636,303940,217338,-179314,4724,-164708
237006,303897,220636,-179399,5094,-164792
240761,302793,224061,-179511,5465,-164911
244771,301796,228197,-179745,5848,-164853
249098,300288,232013,-179840,6350,-164804
253689,299040,235983,179776,6971,-164834
258106,297654,239376,179423,7611,-164760
265043,294655,244408,179129,8492,-164654
270716,291607,248492,178928,9039,-164706
280616,285967,254498,178678,9900,-164793
289635,281331,257209,178425,10545,-164781
293867,278691,258766,178210,10701,-164780
299001,275940,258790,178153,10833,-164970
303022,273633,258212,178097,10809,-165063
310975,267210,255841,178040,10465,-165773
314724,263925,254354,177723,10090,-166342
316190,262709,253232,177627,9858,-166464
318830,261264,251814,177348,9684,-166872
321556,259876,249265,176920,9381,-167457
323528,258794,247288,176745,9161,-167762
326405,257484,244832,176602,8911,-167953
328008,257667,241814,176548,8751,-168203
330449,257126,238117,176682,8610,-168093
331727,256925,235140,176841,8286,-168207
333979,256434,230261,177008,7765,-168351
335254,256291,226560,177246,7319,-168333
335695,256967,223408,177432,6934,-168290
337199,256410,221165,177478,6838,-168466
337488,256840,219372,177597,6675,-168142
338034,256744,218354,177634,6636,-168056
338158,256839,217659,177726,6569,-167603
338158,256839,217659,177765,6583,-167266
338020,256732,217638,177868,6501,-166763
337465,256304,217557,178101,6111,-166289
337130,256046,217511,178233,5874,-166057
337130,256046,217511,178263,5883,-165761
336751,255753,217461,178429,5617,-165295
336729,255735,216695,178552,5420,-164906
336494,255554,217124,178610,5370,-164548
336449,255519,216447,178746,5181,-163945
336289,255395,216429,178826,5070,-163567
336270,255110,216415,179036,5015,-163101
336538,254763,216423,179326,5118,-162735
336693,254563,216428,179492,5175,-162551
336693,254563,216428,179513,5177,-162323
336901,254294,216437,179722,5251,-162235
337017,254145,216442,179838,5292,-162189
337017,254145,216442,179838,5292,-162189
337110,254025,216447,179938,5325,-162077
336985,253971,216434,179946,5239,-162085
336941,253936,216429,179958,5206,-162085
336941,253936,216429,179958,5206,-162085
336941,253936,216429,179958,5206,-162085
336847,254057,216425,179864,5173,-162121
336721,254219,216419,179738,5129,-162170
336603,254128,216407,179770,5040,-162170
336474,254295,216401,179641,4994,-162220
336065,254825,216390,179315,4878,-162345
335684,255319,216380,178850,4711,-162524
335182,255975,216376,178346,4529,-162715
335016,255848,216358,178391,4405,-162712
335333,256090,217084,178333,4563,-162716
335739,256401,218110,178262,4756,-162722
336171,256730,219135,178183,4972,-162729
336411,256913,219710,178139,5093,-162733
336247,257881,220922,177553,5046,-162934
335874,258373,220930,177175,4907,-163072
335844,258617,221519,177041,4873,-163117
335741,258754,221522,176936,4834,-163155
335671,258846,221525,176865,4808,-163181
335671,258846,221525,176865,4808,-163181
335629,258902,221526,176823,4792,-163196
335629,258902,221526,176823,4792,-163196
335629,258902,221526,176860,4816,-162755
335629,258902,221526,176900,4842,-162269
335629,258902,221526,176952,4875,-161659
335900,258543,221517,177287,5001,-160901
335907,258533,221517,177355,5036,-160211
335907,258533,221517,177392,5055,-159791
335907,258533,221517,177426,5072,-159405
335994,258419,221514,177537,5110,-159119
336023,258380,221513,177588,5128,-158885
336120,258252,221511,177698,5162,-158745
336250,258081,221508,177837,5205,-158639
336384,257904,221506,177978,5243,-158576
336871,257265,221502,178492,5388,-158288
336714,257145,221483,178526,5388,-158288
336843,257244,221823,178507,5333,-158286
337208,257522,223027,178449,5489,-158432
337929,258073,224935,178313,5855,-158727
339047,258191,226874,178559,6372,-158639
339461,258036,227356,178754,6538,-158661
340233,258021,228605,178945,6882,-158862
341259,258361,230748,178995,7392,-159111
342592,259195,234121,178778,8112,-159814
344142,260378,240053,178315,9246,-160499
344664,260777,245610,177935,10182,-160944
344857,260892,250075,177628,10901,-161389
344549,260657,254025,177368,11471,-161721
344532,260644,254092,177344,11475,-161826
344532,260644,254092,177344,11475,-161826
344532,260644,254092,177344,11475,-161826
344532,260644,254092,177344,11475,-161826
344532,260644,254092,177344,11475,-161826
344532,260644,254092,177344,11475,-161826
344532,260644,254092,177344,11475,-161826
344532,260644,254092,177344,11475,-161826
344532,260644,254092,177344,11475,-161826
344532,260644,254092,177344,11475,-161826
344532,260644,254092,177344,11475,-161826
344532,260644,254092,177344,11475,-161826
344532,260644,254092,177344,11475,-161826
344532,260644,254092,177344,11475,-161826
344532,260644,254092,177344,11475,-161826
344532,260644,254092,177344,11475,-161826
344532,260644,254092,177344,11475,-161826
344532,260644,254092,177344,11475,-161826
344532,260644,254092,177344,11475,-161826
344532,260644,254092,177344,11475,-161826
344532,260644,254092,177344,11475,-161826
344532,260644,254092,177344,11475,-161826
344532,260644,254092,177344,11475,-161826
344532,260644,254092,177344,11475,-161826
344532,260644,254092,177344,11475,-161826
344153,261148,254092,177344,11475,-161715
341641,262826,253839,177565,11567,-161478
337944,263284,255260,177992,11647,-161373
332951,264344,257432,177799,11612,-161704
326979,264398,262108,177394,11931,-162475
321103,263178,265837,177171,11977,-163209
314744,262243,267588,177284,11794,-163577
306254,259097,271972,177200,11782,-164612
299375,255396,274985,177388,11869,-165325
292245,252291,278885,177309,11968,-165783
283738,248871,277834,177533,11182,-166557
276952,245220,277151,177694,10552,-167132
272315,241879,275768,178065,10029,-167290
264222,234084,271844,179095,8990,-168160
260972,231339,270284,179665,8720,-168526
254451,225686,267374,-179635,7948,-168963
247912,219638,264731,-179219,7108,-169826
242402,214411,258239,-178174,5692,-170171
238034,210178,252263,-177312,4500,-170480
234487,206489,248656,-176632,3798,-170659
230550,202370,244064,-175792,2927,-170823
225695,197425,238383,-174801,1828,-171135
222534,194208,235913,-174293,1338,-171442
220394,192057,232924,-173956,998,-171627
218590,190403,230199,-173689,593,-171615
217308,189218,228671,-173476,281,-171611
216214,188214,226471,-173234,-80,-171600
215923,187944,225982,-173157,-191,-171602
215923,187944,225982,-173157,-191,-171602
216078,188098,225967,-173239,-82,-171589
216078,188098,225967,-173239,-82,-171589
216078,188098,225967,-173239,-82,-171589
216078,188098,225967,-173239,-82,-171589
216188,187989,225981,-173161,-28,-171544
216634,187494,225997,-173078,28,-171598
216780,187641,225982,-173156,132,-171585
217120,187980,225950,-173337,373,-171557
217148,188007,225948,-173351,393,-171554
217359,188000,225954,-173327,518,-171501
217493,188134,225942,-173398,614,-171490
217493,188134,225942,-173398,614,-171490
218377,188949,227529,-173618,938,-171493
219422,189892,229976,-173804,1230,-171521
220707,190903,232436,-174017,1687,-171503
222064,192129,235675,-174281,2098,-171542
223791,193700,239703,-174660,2674,-171586
226031,195753,244632,-175233,3523,-171632
228388,197928,249679,-175902,4499,-171679
230602,200226,254925,-176693,5436,-171788
232437,202511,260263,-177556,6185,-171978
233539,205713,265588,-178753,6856,-172160
233951,209129,270836,-179715,7500,-172109
233975,213173,276337,179377,8357,-171828
233228,217590,281839,178714,9259,-171354
232080,221937,287184,178049,10065,-171180
229413,228861,295160,177022,11202,-170955
228749,232374,300316,176660,12340,-170628
228207,234258,302910,176327,12781,-170387
227990,235605,305158,176094,13211,-170295
228462,235816,306507,176029,13515,-170293
228593,235698,306523,176113,13584,-170310
228593,235698,306523,176113,13584,-170310
228593,235698,306523,176113,13584,-170310
228593,235698,306523,176113,13584,-170310
228593,235698,306523,176113,13584,-170310
228691,235609,306536,176185,13638,-170283
228691,235609,306536,176185,13638,-170283
228691,235609,306536,176185,13638,-170283
228691,235609,306536,176185,13638,-170283
228691,235609,306536,176185,13638,-170283
228691,235609,306536,176185,13638,-170283
228691,235609,306536,176185,13638,-170283
229630,236374,306355,176448,13837,-170127
230102,239152,305985,176571,13937,-169667
231864,242243,304899,176647,13895,-169375
233835,246481,303530,176759,13861,-168828
237063,251092,301944,176761,13911,-168562
240252,256825,300051,176803,13900,-168206
244409,262824,297829,176838,13904,-167927
248468,269731,295666,176816,13980,-167572
253272,276363,294171,176703,14217,-167266
257431,283411,294042,176439,14814,-166863
261992,289831,293436,176186,15235,-166627
266022,297056,292290,175854,15766,-166260
269777,303030,290743,175537,15972,-166236
273528,307679,289259,175266,16150,-166320
276684,311335,288866,175039,16487,-166382
279072,314138,289734,174718,16911,-166474
280806,316174,291255,174383,17350,-166573
282029,317609,293049,174065,17764,-166669
282557,318229,296016,173684,18257,-166787
282826,318535,296565,173651,18300,-166809
283826,318705,297730,173459,18394,-166719
286358,317992,296053,173108,17942,-167168
289491,318444,291188,172986,17268,-167463
293527,319655,284406,172951,16763,-167741
295921,323059,275780,172551,15821,-167818
297234,327129,267797,171773,14863,-168111
298194,330344,261276,171148,14058,-168347
298309,333073,257346,170165,13368,-168707
298871,335066,254257,170077,13483,-168611
299470,335738,253481,169902,13710,-168652
299898,336217,252707,169815,13822,-168673
300233,336593,251800,169801,13840,-168677
300481,336871,251076,169799,13843,-168677
300696,337112,249931,169889,13727,-168656
300890,337330,248889,170041,13672,-168338
301094,337558,247784,170223,13629,-167907
301289,337777,246626,170450,13607,-167298
301145,337615,246652,170724,13635,-166443
301037,337494,246605,170942,13651,-165769
301035,337493,246604,171090,13745,-165145
300736,337157,246473,171354,13561,-164693
300909,336209,246309,172131,13581,-163981
301389,335492,246260,172772,13798,-163484
301788,334655,246181,173431,13912,-163158
302089,334385,246193,173673,14053,-163060
302086,334187,246156,173803,14015,-163020
302086,334187,246156,173829,14026,-162911
302264,334030,246165,173988,14116,-162786
302331,333971,246168,174042,14148,-162764
302331,333971,246168,174071,14160,-162644
302506,333816,246178,174222,14245,-162546
302454,333579,246125,174365,14167,-162505
302699,333096,246095,174735,14228,-162372
302728,332812,246461,174944,14182,-162272
302940,332476,247653,175227,14214,-162189
303319,332262,249515,176014,14539,-161817
302843,332832,252569,176825,14971,-161290
302113,333892,256038,177485,15482,-160772
302038,334820,259019,178135,16268,-160267
302575,335111,260777,178781,17012,-159856
303316,334425,261377,179413,17315,-159630
304185,333698,261549,-179882,17684,-159354
304842,332712,261645,-179106,17861,-159195
304973,332603,261675,-179000,17916,-159152
304973,332603,261675,-179000,17916,-159152
304973,332603,261675,-179000,17916,-159152
304827,332725,261642,-179119,17854,-159200
304838,332716,261644,-179110,17859,-159196
304838,332716,261644,-179110,17859,-159196
304838,332716,261644,-179110,17859,-159196
304838,332716,261644,-179110,17859,-159196
304838,332716,261644,-179110,17859,-159196
304838,332716,261644,-179110,17859,-159196
304838,332716,261644,-179110,17859,-159196
304838,332716,261644,-179110,17859,-159196
304838,332716,261644,-179110,17859,-159196
304838,332716,261644,-179110,17859,-159196
304838,332716,261644,-179110,17859,-159196
304838,332716,261644,-179110,17859,-159196
304838,332716,261644,-179110,17859,-159196
304838,332716,261644,-179110,17859,-159196
304838,332716,261644,-179110,17859,-159196
304838,332716,261644,-179110,17859,-159196
304838,332716,261644,-179110,17859,-159196
304838,332716,261644,-179110,17859,-159196
304838,332716,261644,-179110,17859,-159196
304838,332716,261644,-179110,17859,-159196
305377,331694,261572,-179210,17944,-159472
307350,328007,261882,-179229,17983,-160471
309615,322583,264729,-178899,18438,-161450
313419,315247,270031,-178316,19438,-162404
316902,306937,277524,-177664,20801,-163326
319845,298064,286992,-177103,22492,-164402
322721,286056,300349,-176393,24835,-165672
324614,276235,311020,-175502,26920,-166602
327189,266215,318338,-174499,28417,-167416
332641,250286,327755,-172891,30156,-168709
336732,236072,336485,-171472,32499,-170070
341148,217639,348158,-169864,35059,-171795
345472,187555,366504,-168015,38662,-174714
346427,172999,374831,-167456,40079,-176304
346841,160097,381322,-166603,41272,-177344
347125,139380,391720,-164772,43180,-178904
347260,130938,396281,-164529,44005,-179871
347917,127506,397164,-164479,44164,179645
348637,125479,396991,-164456,44133,179329
348533,125754,396783,-164747,44020,179167
348485,125882,396241,-164823,43889,179133
348596,125976,396310,-164865,43965,179162
348596,125976,396310,-164770,43939,179299
348735,126094,396398,-164823,44036,179336
348864,126205,396479,-164769,44097,179518
348864,126205,396479,-164769,44097,179518
348864,126205,396479,-164769,44097,179518
348864,126205,396479,-164769,44097,179518
348864,126205,396479,-164689,44075,179632
348864,126205,396479,-164689,44075,179632
348864,126205,396479,-164546,44034,179839
348864,126205,396479,-164546,44034,179839
348864,126205,396479,-164546,44034,179839
348899,126112,396549,-164447,44071,179894
348899,126112,396549,-164447,44071,179894
348899,126112,396549,-164447,44071,179894
348899,126112,396549,-164447,44071,179894
348899,126112,396549,-164447,44071,179894
348899,126112,396549,-164447,44071,179894
348899,126112,396549,-164447,44071,179894
348899,126112,396549,-164447,44071,179894
348899,126112,396549,-164447,44071,179894
348899,126112,396549,-164447,44071,179894
348899,126112,396549,-164447,44071,179894
348899,126112,396549,-164447,44071,179894
348899,126112,396549,-164447,44071,179894
348899,126112,396549,-164447,44071,179894
348899,126112,396549,-164420,44064,179932
349002,125826,396549,-164325,44036,180000
348645,123664,396686,-164586,43854,179907
344691,112053,396574,-164931,42659,179601
336770,91191,400368,-163792,42131,180000
324072,72566,405943,-163468,42003,-179805
311376,60599,412446,-163937,42745,-179868
298982,51399,419767,-164314,43976,-179945
290601,44505,423387,-164300,44832,-179881
279247,35173,424376,-164098,45323,-179663
243653,14484,429918,-164422,48658,-179519
234898,9891,430317,-164386,49526,-179531
224682,4333,428223,-164029,49919,-179279
214624,-17,427023,-163877,51102,-179265
206211,-3246,425595,-163375,51873,-178871
197805,-6161,423761,-163412,52669,-178941
189976,-8264,422168,-163444,53966,-178599
181757,-10802,419926,-163339,54978,-178600
174003,-12669,417415,-162909,56084,-178066
166435,-14497,414471,-162781,57303,-177933
158734,-15744,410996,-162935,58257,-177984
151467,-16540,407456,-162938,59389,-177728
144679,-16960,403879,-162975,60948,-177287
137883,-17991,399606,-162725,62111,-176952
130409,-19045,394552,-162102,63433,-176351
124477,-19715,390112,-162157,64840,-176212
119988,-20017,386420,-161220,65949,-175081
113523,-19962,380043,-160717,67413,-174137
108501,-19857,374765,-160200,68725,-173249
103961,-20036,369639,-158846,70253,-171700
99532,-20027,364018,-157805,71367,-170441
95599,-20454,358685,-156763,72436,-169516
92012,-20330,352964,-155318,73754,-167870
88187,-20098,346476,-153864,74763,-166201
83635,-19307,338803,-151597,76100,-163394
79643,-18744,332190,-151007,77339,-162420
77777,-17851,325928,-149075,78713,-160105
74824,-17554,316957,-148664,79718,-159701
73218,-16877,310137,-147159,80914,-158002
72156,-16574,302838,-145368,81739,-156281
71256,-16246,290085,-141739,82170,-152796
70961,-16271,282328,-139799,82425,-150612
70977,-16668,274890,-140778,82424,-152602
70895,-16875,268856,-139811,82674,-151992
71181,-17117,261626,-142769,83376,-155371
71377,-17612,254772,-147818,83608,-160929
71144,-17955,248175,-152610,83946,-166159
71602,-18271,240058,-160453,83855,-174303
72017,-18403,233895,-167391,83596,178630
72268,-18108,228249,-172599,83872,173570
72410,-17646,222631,179483,83983,165919
72472,-17230,216747,172020,83993,158680
72519,-17033,211993,167025,83581,153777
72560,-16787,207839,160637,83389,147507
72464,-16647,203808,156955,82882,143857
72345,-16460,199814,152978,82467,139937
72156,-16266,195684,151558,82128,138584
72080,-16138,193973,153333,82262,140444
72051,-16007,193027,159372,82586,144842
72091,-15923,193205,166674,83071,154036
72127,-15853,193372,172235,83303,159687
72142,-15811,193418,176786,83384,164297
72146,-15787,193413,-179877,83391,167671
72147,-15784,193413,-179566,83390,167985
72147,-15784,193413,-179566,83390,167985
72147,-15784,193413,-179566,83390,167985
72147,-15784,193413,-179566,83390,167985
72147,-15784,193413,-179566,83390,167985
72147,-15784,193413,-179566,83390,167985
72147,-15784,193413,-179566,83390,167985
72147,-15783,193413,-179331,83390,168223
72147,-15783,193413,-179484,83390,168069
72147,-15783,193413,-179484,83390,168069
72147,-15783,193413,-179484,83390,168069
72147,-15783,193413,-179484,83390,168069
72147,-15783,193413,-179484,83390,168069
72147,-15783,193413,-179484,83390,168069
72147,-15783,193413,-179484,83390,168069
72122,-15812,193254,-179471,83290,168061
72122,-15812,193254,-179471,83290,168061
72122,-15812,193254,-179471,83290,168061
72122,-15812,193254,-179471,83290,168061
72122,-15812,193254,-179471,83290,168061
72122,-15812,193254,-179471,83290,168061
72096,-15841,193093,-179457,83187,168053
72096,-15841,193093,-179457,83187,168053
72096,-15841,193093,-179457,83187,168053
72096,-15841,193093,-179457,83187,168053
72096,-15841,193093,-179457,83187,168053
72096,-15841,193093,-179457,83187,168053
72096,-15841,193093,-179457,83187,168053
72096,-15841,193093,-179457,83187,168053
72096,-15841,193093,-179457,83187,168053
72096,-15841,193093,-179457,83187,168053
72096,-15841,193093,179665,83188,167170
72096,-15841,193093,179665,83188,167170
72096,-15841,193093,179665,83188,167170
72096,-15841,193093,179665,83188,167170
72096,-15841,193093,179665,83188,167170
72096,-15841,193093,179665,83188,167170
72096,-15841,193093,179665,83188,167170
72096,-15841,193093,179665,83188,167170
72096,-15841,193093,179665,83188,167170
72096,-15841,193093,179665,83188,167170
72096,-15841,193093,179665,83188,167170
72096,-15841,193093,179665,83188,167170
72096,-15841,193093,179665,83188,167170
72096,-15841,193093,179665,83188,167170
72096,-15841,193093,179665,83188,167170
72096,-15841,193093,179665,83188,167170
72096,-15841,193093,179665,83188,167170
72096,-15841,193093,179665,83188,167170
72096,-15841,193093,179665,83188,167170
72096,-15841,193093,179665,83188,167170
72096,-15841,193093,179665,83188,167170
72096,-15841,193093,179665,83188,167170
72096,-15841,193093,179665,83188,167170
72096,-15841,193093,179665,83188,167170
72096,-15841,193093,179665,83188,167170
72096,-15841,193093,179665,83188,167170
72096,-15841,193093,179665,83188,167170
72096,-15841,193093,179665,83188,167170
72096,-15841,193093,179665,83188,167170
72096,-15841,193093,179665,83188,167170
72096,-15841,193093,179665,83188,167170
72096,-15841,193093,179665,83188,167170
72096,-15841,193093,179665,83188,167170
72096,-15841,193093,179665,83188,167170
72096,-15841,193093,179665,83188,167170
72096,-15841,193093,179665,83188,167170
72096,-15841,193093,179665,83188,167170
72096,-15841,193093,179665,83188,167170
72096,-15841,193093,179665,83188,167170
72096,-15841,193093,179665,83188,167170
72096,-15841,193093,179665,83188,167170
72096,-15841,193093,179665,83188,167170
72096,-15841,193093,179665,83188,167170
72096,-15841,193093,179665,83188,167170
72096,-15841,193093,179665,83188,167170
72096,-15841,193093,179665,83188,167170
72096,-15841,193093,179665,83188,167170
72096,-15841,193093,179665,83188,167170
72096,-15841,193093,179665,83188,167170
72096,-15841,193093,179665,83188,167170
72096,-15841,193093,179665,83188,167170
72096,-15841,193093,179665,83188,167170
72096,-15841,193093,179665,83188,167170
72096,-15841,193093,179665,83188,167170
72096,-15841,193093,179665,83188,167170
72096,-15841,193093,179665,83188,167170
