54884,-47,203433,0,84951,-49
55448,255,203045,0,85354,263
56620,573,203769,-2915,85247,-2358
58101,702,204505,-4702,85197,-4080
59715,919,205191,-4823,85200,-4073
61307,1215,205831,-8169,85169,-7254
64464,2035,206953,-27219,84650,-25878
66072,2467,207312,-35423,84294,-33850
67716,2840,207540,-40111,84146,-38327
68447,2970,207314,-43614,84192,-41752
68811,2998,207165,-44663,84307,-42780
68811,2998,207165,-44663,84307,-42780
68806,3009,207239,-44339,84274,-42451
68806,3009,207239,-44339,84274,-42451
68806,3009,207239,-44339,84274,-42451
68806,3009,207239,-44339,84274,-42451
68806,3009,207239,-44339,84274,-42451
68806,3009,207239,-44339,84274,-42451
68806,3009,207239,-44339,84274,-42451
68806,3009,207239,-44339,84274,-42451
68806,3009,207239,-44339,84274,-42451
68806,3009,207239,-44339,84274,-42451
68806,3009,207239,-44339,84274,-42451
68806,3009,207239,-44339,84274,-42451
68807,2975,207244,-43368,84362,-41497
68807,2975,207244,-43368,84362,-41497
68807,2975,207244,-43368,84362,-41497
68807,2975,207244,-43368,84362,-41497
68807,2975,207244,-43368,84362,-41497
68807,2975,207244,-43368,84362,-41497
68807,2975,207244,-43368,84362,-41497
68807,2975,207244,-43368,84362,-41497
68807,2975,207244,-43368,84362,-41497
68807,2975,207244,-43368,84362,-41497
68807,2975,207244,-43368,84362,-41497
68807,2975,207244,-43368,84362,-41497
68807,2975,207244,-43368,84362,-41497
68807,2975,207244,-43368,84362,-41497
68807,2975,207244,-43368,84362,-41497
68807,2975,207244,-43368,84362,-41497
68807,2975,207244,-43368,84362,-41497
68807,2975,207244,-43368,84362,-41497
68807,2975,207244,-43368,84362,-41497
68807,2975,207244,-43368,84362,-41497
68807,2975,207244,-43368,84362,-41497
68807,2975,207244,-43368,84362,-41497
68807,2975,207244,-43368,84362,-41497
68807,2975,207244,-43368,84362,-41497
68807,2975,207244,-43368,84362,-41497
68807,2975,207244,-43368,84362,-41497
68807,2975,207244,-43368,84362,-41497
68807,2975,207244,-43368,84362,-41497
68807,2975,207244,-43368,84362,-41497
68807,2975,207244,-43368,84362,-41497
68807,2975,207244,-43368,84362,-41497
68807,2975,207244,-43368,84362,-41497
68807,2975,207244,-43368,84362,-41497
68795,2997,207389,-42741,84295,-40859
68775,3034,207639,-41697,84177,-39796
68712,3146,208381,-38831,83816,-36875
68612,3302,209420,-35354,83288,-33319
68448,3526,210915,-31234,82490,-29086
68221,3789,212676,-27404,81507,-25123
67975,4035,214330,-24550,80554,-22144
67699,4157,216014,-19783,79729,-17291
67398,4061,217706,-14353,78908,-11877
67169,3806,219010,-8953,78327,-6559
67074,3614,220941,-6771,78042,-4459
66906,3510,222951,-5167,77558,-2893
66824,3489,225886,-6140,77353,-3905
66605,3397,230047,-8619,77206,-6507
66350,3196,236997,-9032,76733,-6960
66612,3172,242737,-12377,76685,-10523
67259,3064,247316,-16678,77037,-14981
68588,2801,250935,-20408,77928,-18906
70198,2607,255010,-24292,78630,-22933
71784,2394,259160,-28234,79231,-27023
75233,2138,265227,-37954,80210,-36913
77820,1978,268898,-44389,80849,-43426
80432,1768,272162,-53218,81367,-52351
83017,1575,275585,-62760,81384,-61983
85701,1333,279191,-70473,81565,-69797
88475,1055,282613,-78517,81792,-77952
91355,779,285996,-86708,81944,-86251
94286,559,289641,-93509,81942,-93142
97284,329,293189,-100334,81734,-100060
100312,69,296551,-107460,81456,-107291
103449,-185,299920,-113512,80987,-113445
106699,-412,303273,-117719,80150,-117727
110693,-678,307449,-119655,78711,-119726
114135,-780,311560,-120907,78378,-121023
117800,-782,316123,-121443,78311,-121571
121521,-800,320516,-122190,78215,-122336
125060,-1010,325098,-124706,77864,-124952
128684,-1311,327590,-129154,77122,-129509
132446,-1494,329801,-134786,76572,-135205
136274,-1465,332074,-138751,75751,-139144
140112,-546,334326,-141834,74774,-141843
144692,897,335720,-145203,73477,-144636
148609,2937,338224,-147118,72606,-145801
153342,4979,340757,-149418,71397,-147408
158062,8389,343006,-151214,70040,-148064
161923,11738,344667,-152634,68844,-148414
171767,22225,350862,-154352,66154,-146945
175459,25837,352354,-155516,65037,-147153
179137,29823,353953,-156508,63987,-147124
184743,36926,354909,-158107,62063,-146946
189643,42663,356316,-159107,60691,-146872
193032,47256,357688,-160183,59580,-146813
196288,52317,358832,-160972,58330,-146404
199226,58384,361136,-161732,57470,-145836
202210,63716,361822,-162593,56306,-145602
205224,68875,362600,-163315,55229,-145325
208472,72823,362007,-164037,53924,-145392
211731,77191,364003,-164390,53025,-145066
215473,79898,364416,-165885,52024,-146249
219357,82040,364644,-166778,50856,-147017
223578,83712,364937,-167298,49737,-147573
228397,85849,363797,-168242,48162,-148467
232896,88692,363663,-170101,47073,-149694
236741,91525,364877,-171947,46065,-151441
240614,94223,364803,-173512,45077,-152631
245140,96984,363191,-174817,43490,-153623
248985,99129,362771,-175610,42266,-154224
252906,101228,362314,-176260,41071,-154708
257173,103273,363168,-176649,40196,-155003
261192,105247,362576,-177061,39055,-155302
265247,107015,361895,-177243,37899,-155452
269089,109342,361139,-177993,36769,-155928
272802,113779,360725,-178485,36141,-155799
276547,119403,360569,-178640,35872,-155211
280335,125589,360506,-178641,35862,-154436
284268,131234,360448,-178640,35877,-153791
287531,138099,360292,-178640,35895,-152920
290115,144702,359629,-178257,35420,-152177
292119,150999,358245,-177211,34414,-150598
293693,158122,354737,-177331,32565,-150000
296070,162662,352805,-178066,31347,-150354
299343,165652,350896,-178298,30177,-150508
303005,167681,349018,-178433,29017,-150821
306873,169206,347001,-177996,27811,-150662
311045,170350,344910,-177806,26674,-150924
314703,172177,342637,-177702,25462,-150981
318388,173864,340342,-177473,24273,-150944
321994,175409,337969,-177186,23051,-150896
325676,176960,335711,-176881,21955,-150847
329809,178624,333586,-176486,21205,-150755
334262,180356,332568,-176009,21188,-150600
337929,181066,332732,-175436,21422,-150091
339559,181738,333772,-175150,21709,-149686
339714,181824,335443,-174900,21983,-149034
339109,181481,336317,-174899,22018,-149043
338645,181409,336706,-175024,21972,-149095
338645,181409,336706,-175024,21972,-149095
338645,181409,336706,-175024,21972,-149095
338645,181409,336706,-175024,21972,-149095
338645,181409,336706,-175306,22031,-149848
338645,181409,336706,-175499,22070,-150363
338645,181409,336706,-175663,22101,-150798
338833,181071,336738,-175533,22130,-151103
338833,181071,336738,-175671,22156,-151468
338914,180920,336751,-175604,22165,-151562
338914,180920,336742,-175864,22198,-152079
338914,180920,336742,-176138,22245,-152804
338914,180920,336742,-177179,22393,-155544
339314,181144,335916,-177355,22292,-156034
339316,181145,335912,-177821,22334,-157109
339760,181191,335184,-177999,22272,-158053
340468,180808,334374,-177983,22152,-158148
341184,180333,333630,-178042,22055,-158522
343021,178855,331881,-178117,21800,-158839
346006,177200,328297,-178352,21240,-159600
347561,176131,324665,-178834,20600,-160481
349959,174753,320079,-179720,19762,-161507
351336,173460,316898,179222,19076,-162372
352360,173489,313822,178247,18446,-162936
352901,172068,313424,178008,18311,-163373
353773,172455,311446,178046,18027,-163451
355369,171159,309335,178657,17799,-163399
355518,171093,308339,178833,17649,-163328
355034,171267,307016,178456,17329,-163963
354371,171403,305084,178030,16868,-164773
354090,171103,303734,177285,16456,-165824
353603,170840,301237,176516,15891,-166746
352150,171144,297381,175584,14860,-167526
351346,171416,296035,175257,14373,-167727
351182,171814,296121,174966,14321,-167824
351043,171991,295501,174825,14255,-167875
350893,171921,295457,174851,14150,-167865
351014,172119,295020,174782,14068,-167889
351155,172388,293366,174729,13765,-167913
352091,172852,290929,174808,13416,-167896
352915,173248,288778,174883,13111,-167878
353632,173593,286879,174950,12842,-167863
354860,174185,283563,175066,12541,-167847
355594,174538,281542,175136,12089,-167823
356185,174822,279895,175192,11984,-167818
356538,174820,279083,175323,11769,-167771
356766,174909,277535,175396,11524,-167755
357210,174973,276593,175515,11419,-167719
358071,174953,274577,175841,11198,-167618
358668,175242,272822,175920,10960,-167499
359669,175538,270042,176142,10605,-167335
359904,175647,269333,176168,10507,-167330
360618,175991,267146,176239,10202,-167317
362087,176496,262770,176500,9622,-167252
362655,176769,260574,176574,9306,-167240
362717,176799,260371,176581,9278,-167238
362966,176735,259785,176707,9222,-167198
363382,176680,258739,176890,9112,-167141
364280,177112,255735,176986,8697,-167127
365039,177477,253138,177069,8339,-167114
365280,177593,252299,177095,8224,-167111
365911,176690,251753,177112,8149,-167262
366538,175385,251753,177112,8149,-167466
367084,174235,251749,177273,8185,-167555
367428,173505,251746,177410,8216,-167591
367419,173525,251746,177396,8212,-167596
367419,173525,251746,177396,8212,-167596
367419,173525,251746,177396,8212,-167596
367419,173525,251746,177396,8212,-167596
367419,173525,251746,177396,8212,-167596
367419,173525,251746,177396,8212,-167596
367419,173525,251746,177396,8212,-167596
367419,173525,251746,177396,8212,-167596
367419,173525,251746,177396,8212,-167596
367212,173428,252465,177389,8316,-167489
367036,173083,253415,177514,8482,-167440
366072,171596,257999,177982,9249,-167250
365459,170085,261542,178597,9894,-167015
364423,168779,265827,178956,10591,-166867
362848,167301,271499,179228,11474,-166745
361042,165438,277912,179648,12497,-166570
358100,163349,286758,179813,13835,-166480
355429,159773,295957,-179692,15297,-166421
353645,154184,304594,-179251,16680,-166826
352222,147799,312540,-179235,17888,-167536
350997,140024,319524,-178975,18961,-168340
349393,132053,325820,-179038,19865,-169469
347827,122854,332053,-179061,20763,-170676
345616,113919,337465,-179195,21388,-171929
342998,105729,343078,-179788,22105,-173328
340036,97432,349061,179901,22753,-174333
337057,89937,355061,179236,23672,-175199
333627,82263,360929,178985,24421,-175534
330062,74223,365664,179244,25139,-175737
326303,66296,369959,179379,25883,-176349
322231,57661,373572,180000,26486,-177072
318227,48547,377059,-178777,27133,-177479
313870,39644,380066,-177426,27659,-177503
308943,31490,382188,-176432,28029,-177518
304014,23737,383826,-175647,28146,-177821
299937,16518,383523,-174806,28079,-177892
296634,9489,381335,-173719,27593,-177653
294821,2854,377015,-172749,26590,-177477
293798,-3858,372417,-171921,25543,-177616
293052,-10814,368015,-170838,24451,-177369
293513,-18316,363056,-169467,23205,-177177
294946,-26128,359128,-167793,22027,-176582
296334,-34084,356819,-166152,21138,-176209
297302,-41830,354765,-164702,20261,-175893
298334,-50550,351989,-163673,19253,-175898
298862,-56221,350148,-162959,18466,-175515
301225,-65730,344467,-162567,16907,-175593
302886,-71898,340049,-162801,15858,-175723
304274,-78002,335740,-163134,14887,-175927
305335,-83633,331970,-163758,14232,-176163
306611,-89735,327193,-164394,13303,-176420
307710,-95804,322383,-165128,12429,-176705
308849,-102158,316757,-166614,11683,-177245
309984,-110996,309289,-168443,10739,-178041
303149,-133302,305648,-169538,10081,-178379
300262,-139683,305648,-169340,9871,-178447
294294,-151832,305620,-169094,9490,-178416
293227,-154707,304964,-168890,9178,-178194
292950,-154850,304900,-168772,8892,-177586
293261,-154202,304828,-169179,9099,-177589
293686,-153319,304741,-169761,9413,-177763
294150,-152357,304657,-170396,9753,-177957
294445,-151748,304612,-170799,9967,-178081
295776,-151342,302683,-171524,9981,-178286
296660,-151538,301036,-171787,9800,-178350
297422,-151721,299588,-172008,9635,-178403
299431,-152084,295795,-172650,9241,-178563
300476,-152109,293919,-173061,9096,-178673
302536,-153778,288665,-173957,8558,-179133
305988,-156994,278985,-175312,7428,-179840
306755,-156825,277630,-176559,7803,179498
308259,-158380,274163,-178063,7894,178538
309596,-159956,268622,-178822,7241,178131
310309,-160583,266853,-179166,7159,177907
310225,-160745,266853,-179166,7192,177879
309870,-160556,267828,-179115,7338,177741
309597,-160407,269082,-179160,7454,177016
309678,-160448,271295,-179142,7788,176072
310553,-161328,273618,-178856,8184,175140
311086,-162415,275042,-178413,8318,174652
311059,-163044,276360,-178010,8452,174272
311098,-163267,277213,-177836,8566,174309
310888,-163155,277756,-177802,8648,174314
310888,-163155,277756,-177818,8652,174211
310888,-163155,277756,-177836,8657,174087
310888,-163155,277756,-177836,8657,174087
310888,-163155,277756,-177836,8657,174087
310888,-163155,277756,-177836,8657,174087
310888,-163155,277756,-177836,8657,174087
310888,-163155,277756,-177836,8657,174087
310888,-163155,277756,-177836,8657,174087
310888,-163155,277756,-177884,8669,173769
310888,-163155,277756,-177899,8672,173671
311209,-162542,277756,-177899,8672,173784
311134,-162443,278009,-177884,8711,173795
311007,-162681,278004,-177717,8645,173855
310647,-162765,278626,-177529,8681,173914
309845,-161872,281129,-177236,9007,174112
309252,-160858,283300,-176768,9206,174421
304664,-157592,294938,-174463,10354,175633
302383,-155101,301211,-173024,10899,176328
300713,-154713,304488,-171832,10851,176514
299235,-152804,308715,-170540,11267,176943
295993,-148602,317394,-169042,12344,177047
290376,-139805,332016,-168075,14997,175981
283022,-130760,347509,-167418,18034,174823
278064,-121585,358497,-167052,20162,175138
275637,-115860,364169,-167257,21513,174627
271266,-106931,373084,-167421,23533,174482
268137,-96692,380435,-168148,25386,174452
265178,-88950,385368,-168619,26628,174338
263103,-83264,390037,-169387,27861,174207
260239,-76064,394878,-170205,29128,174122
257679,-67651,399387,-171547,30392,173916
255363,-60110,403122,-173262,31483,173376
253112,-52499,406561,-175186,32461,172770
251323,-44872,409732,-177338,33305,172112
250153,-37085,411889,-179941,33769,171101
250887,-30347,413100,178316,33978,170856
251622,-23294,413932,176521,34053,170565
252104,-17193,414550,174586,34030,170538
253206,-9464,414279,172832,33855,170260
253379,-2740,414396,171032,33606,170158
253390,2907,414539,169459,33364,169972
253181,11123,414750,167513,33005,169992
252766,18637,415050,165704,32697,170410
251987,27561,415477,163695,32394,171239
251709,34420,415321,162482,32033,171977
250745,40887,415605,161495,31858,172855
250210,47002,415351,160855,31636,173855
250014,52513,414620,160707,31405,174914
250413,58995,413035,160807,31064,176405
251252,64022,411103,161246,30706,177627
253577,68568,407683,162215,30099,178757
256771,73911,403018,163579,29288,180000
262122,85941,393024,167859,28066,-175598
261805,93830,390360,170016,27941,-172762
262073,98900,388163,170889,27647,-171279
263066,104976,384784,171303,27015,-170046
265276,112085,379543,171550,25980,-168868
267357,119504,373973,171652,24861,-167863
268625,126709,369251,171675,23987,-166977
268794,133639,365372,171717,23218,-166009
267097,139750,363876,171607,22910,-165223
264652,147030,362236,171587,22574,-163988
263156,153389,359882,171668,22133,-162807
261605,160111,357156,171623,21598,-161620
260512,167205,353438,171410,20842,-160544
259535,173873,350498,170818,20439,-159791
259766,181863,345962,170658,20247,-158758
260854,187871,342518,170644,20309,-158039
262112,193661,338581,170470,20418,-157499
262804,198879,335095,170737,20556,-156865
261554,205036,332922,171717,21114,-155643
258245,212372,332170,171788,21637,-154762
257653,219091,332112,170654,23256,-156344
257886,219417,332287,170490,23474,-156748
256757,222181,331924,170157,23649,-156935
255923,225112,331478,170176,24071,-157106
255447,230448,328042,169975,23949,-156944
256649,234250,324365,169675,23853,-156926
259037,237169,320683,169607,24029,-156890
261264,239129,317443,169595,24071,-156926
263067,240503,315291,169649,24289,-156922
265546,242455,311909,169740,24452,-156905
267716,244553,309117,169510,24729,-157053
270367,247272,304401,169399,24391,-157150
272372,249068,301160,169559,23966,-157084
273890,250440,299160,169708,23564,-157014
275565,252606,298421,169445,23277,-157067
275540,254209,297923,168579,22821,-157529
275263,255742,298073,168243,22405,-157577
276158,257616,298178,168084,22488,-157555
275651,261027,297962,168056,22560,-157132
275141,263252,296858,168198,22179,-156755
275498,264703,294934,168232,21629,-156647
275948,266067,293012,168299,21014,-156537
276561,267445,291913,168337,20915,-156436
277018,268098,290204,168304,20634,-156466
277275,268976,288436,168055,20265,-156607
277458,269405,287463,167969,20080,-156660
278079,269984,285451,168076,19800,-156623
278403,270287,284389,168132,19652,-156604
278686,270551,283455,168181,19459,-156580
279155,270989,281892,168263,19305,-156560
279602,271393,280924,168276,19276,-156568
279954,271721,279731,168339,19110,-156547
280228,271978,278794,168387,18981,-156531
280656,272377,277320,168464,18777,-156507
281238,272921,275514,168557,18528,-156477
282367,273779,271583,168862,18024,-156360
283568,274900,267161,169085,17417,-156292
284869,276100,262874,169259,16952,-156254
285462,276653,260553,169375,16635,-156220
285913,277075,258755,169464,16391,-156195
286682,277756,258372,169411,16673,-156131
287444,278430,256990,169411,16793,-156070
288128,279069,255734,169458,16662,-156056
288693,279596,253298,169578,16332,-156022
289400,280257,250276,169724,15925,-155982
290129,280938,247074,169878,15495,-155940
290675,281435,245249,169933,15348,-155935
291670,282312,243333,169894,15494,-155988
292372,282932,241861,169876,15567,-156021
292752,283287,240068,169962,15328,-155998
293189,283684,238535,170008,15207,-155994
293514,284351,236458,169915,14873,-156076
293352,284986,235436,169557,14592,-156293
293229,285502,235974,169194,14577,-156486
292839,286333,236578,168536,14461,-156843
292189,287053,236659,167850,14208,-157225
291889,287871,237384,167234,14123,-157551
291855,288134,238991,167148,13975,-157533
293065,288593,244085,167471,14309,-157191
293154,289451,246844,167896,14330,-156812
293019,290792,251771,168768,15054,-155811
291751,293349,255708,169949,15755,-154669
289573,295526,259563,170849,15739,-153788
287416,297287,263880,171570,15500,-152884
287479,297651,268848,172383,15681,-152654
288764,296629,274921,173285,15810,-153095
290027,295553,280137,174287,16078,-153116
291963,293682,285312,175339,16386,-153457
292079,292348,292534,175761,16863,-153774
291693,290872,301640,175897,17791,-153973
291775,289239,311516,175642,19280,-154163
291576,287509,320659,175825,20970,-154104
291514,284751,327862,176331,22337,-154024
290583,281610,334246,176821,23466,-153923
291067,276332,340127,176994,24282,-154381
292039,269730,347124,177238,25418,-155076
292851,261364,355092,178192,26825,-155992
294712,251950,363266,178759,28279,-157075
296000,242188,369413,178585,29087,-158366
297024,232476,376828,178370,30128,-159373
298631,219669,382362,178625,30770,-159986
298970,209413,385174,178707,30958,-160223
299869,201453,387141,178616,30994,-160925
301336,192470,384577,178905,30245,-161290
307484,175425,381368,179666,29475,-162790
311248,168436,380574,180000,29323,-163270
313575,161651,379052,-179379,29222,-163912
315489,154146,376389,-178820,28691,-164691
318865,144575,371758,-177309,27922,-165233
321422,136150,367653,-175863,27179,-165324
323951,128595,363403,-174996,26310,-165475
326542,121722,358688,-174426,25325,-165671
328558,114660,355434,-173848,24616,-165957
332162,100521,349795,-171835,23426,-166263
334630,90982,348336,-170790,23121,-167053
336485,82604,346701,-169852,22811,-167924
338083,74608,345346,-169234,22522,-168810
339762,65788,344611,-168942,22303,-169569
340757,58757,343188,-168573,21844,-170051
341593,51947,341907,-168477,21483,-170698
342339,44027,340220,-168755,21098,-171964
342794,35923,338016,-169079,20607,-173267
342818,29715,335552,-169767,20064,-174426
342680,23735,332327,-170643,19516,-175821
342109,17531,329410,-171308,18757,-177059
340986,10449,325672,-172294,18220,-178492
340120,4921,322107,-173320,17334,179663
338792,-294,319096,-174216,16672,178293
337806,-5189,315977,-174744,16009,177232
336748,-7218,312744,-174688,15290,177284
335748,-8065,309751,-174523,14619,177662
334764,-8077,307472,-174436,14015,177894
334036,-8080,305240,-174396,13538,177986
333630,-9180,304172,-174161,13314,177934
333056,-12811,302903,-173598,13046,177645
332536,-16763,301507,-173068,12853,177295
331927,-19780,300314,-173051,12601,176780
330676,-23463,297649,-172978,12004,176407
329664,-26216,296114,-172872,11489,176358
328901,-28306,293686,-172824,11181,176269
327329,-32036,290684,-172857,10475,176074
325515,-36815,287952,-172991,9740,175530
324148,-41566,286535,-172873,9231,175381
323035,-45682,284779,-172971,8944,175008
321618,-49427,283595,-173253,8433,174620
320992,-52528,283291,-173814,8323,174495
320541,-54941,283191,-174277,8215,175010
320320,-55991,283109,-174790,8192,175074
320061,-57412,283094,-174800,8131,175515
319801,-58804,283079,-174874,8112,175512
319704,-59211,283033,-175176,8090,175850
319427,-60504,282962,-175743,8088,176060
319625,-59277,282893,-176549,8162,175890
319779,-58334,282853,-177180,8223,175672
319930,-57421,282824,-177791,8279,175461
320069,-56592,282806,-178346,8329,175268
320136,-56192,282800,-178615,8352,175175
320314,-55155,282793,-179227,8403,175499
320314,-55155,282793,-179173,8398,175872
320314,-55155,282793,-179177,8398,175842
320314,-55155,282793,-179112,8391,176291
320314,-55155,282793,-179101,8390,176364
320314,-55155,282793,-179090,8389,176440
320314,-55155,282793,-179056,8385,176675
320314,-55155,282793,-178954,8373,177372
320314,-55155,282793,-178823,8359,178116
320314,-55155,282793,-178782,8350,178555
320314,-55155,282793,-178719,8341,178992
320168,-56008,282798,-178109,8244,179482
320074,-56561,282805,-177742,8184,179609
319970,-57178,282818,-177333,8117,179751
319836,-57987,282841,-176797,8027,179935
319839,-57966,282840,-176811,8029,179931
319839,-57966,282840,-176811,8029,179931
319832,-58013,282841,-176780,8024,179941
319832,-58013,282841,-176780,8024,179941
319832,-58013,282841,-176780,8024,179941
319832,-58013,282841,-176780,8024,179941
319832,-58013,282841,-176780,8024,179941
319781,-58317,282852,-176578,7990,180000
319781,-58317,282852,-176578,7990,180000
319781,-58317,282852,-176578,7990,180000
319781,-58317,282852,-176578,7990,180000
319781,-58317,282852,-176578,7990,180000
319781,-58317,282852,-176578,7990,180000
319781,-58317,282852,-176578,7990,180000
319781,-58317,282852,-176578,7990,180000
319754,-58485,282859,-176467,7971,-179950
319754,-58485,282859,-176467,7971,-179950
319754,-58485,282859,-176485,7978,179921
319718,-58705,282868,-176421,7991,179381
319277,-59175,283620,-176069,8071,179352
318103,-60007,285732,-175417,8364,179067
317276,-60793,287162,-174784,8515,179225
317139,-60811,288544,-174346,8744,179003
315057,-60159,292781,-174026,9514,178488
313975,-59974,294983,-173403,9822,178734
312014,-57787,299691,-171849,10485,179359
311195,-57310,301332,-171673,10766,179428
310254,-55431,303672,-171249,11124,180000
309606,-54003,305348,-170802,11355,-179535
307390,-52111,309696,-170403,12092,-179052
305689,-50891,312844,-170190,12643,-178774
303241,-48310,317680,-169371,13479,-178374
301274,-44970,321713,-168861,14258,-178134
299191,-40061,325871,-168917,15164,-177889
296685,-34002,330603,-168949,16161,-177268
294113,-27784,335005,-169401,17171,-176886
291737,-21157,338916,-169793,18068,-176322
289675,-15320,342064,-170209,18809,-175857
286788,-9109,346110,-170493,19705,-175161
283764,-2697,349967,-171132,20610,-174675
280765,3534,353550,-171664,21439,-174085
278076,9909,356239,-172443,22043,-173874
275020,16809,359996,-173683,22973,-173906
272069,23409,362678,-174938,23664,-174146
270207,29639,365920,-176107,24321,-174517
268509,36031,369567,-177462,25010,-174954
268026,43074,370914,-179155,25498,-175513
266549,51332,370831,178994,25369,-176037
265257,57577,370773,177228,25161,-176593
263977,65055,370265,175354,24766,-177133
262564,70540,370265,174823,24667,-177209
262055,76875,369500,173904,24300,-177473
261917,82668,367725,173514,23819,-177553
262301,89992,364711,173091,23185,-177620
261567,95806,363269,172674,22616,-177687
260061,101471,362577,172255,22331,-177692
258944,107293,361247,171897,21918,-177673
259166,113770,357977,171725,21141,-177540
260127,120995,354974,171366,20725,-177211
261945,130007,350482,170924,20551,-176800
262312,137012,348409,170579,20915,-176112
261549,142597,349276,170726,21954,-174993
260577,148700,349707,170824,22499,-173762
260403,154341,348754,171714,23050,-172212
260360,160339,347335,172649,23142,-170657
260522,166329,344238,173745,23147,-169042
260467,172118,341956,174978,23160,-167373
260041,178047,340865,176071,23426,-165784
259808,184547,340739,176943,23798,-164055
260534,191341,340112,178483,24299,-161707
261044,198485,339990,179895,24700,-159240
262415,206152,339431,-178656,25013,-156691
264555,210490,340128,-177675,25400,-155614
268647,213586,339225,-176637,25492,-155020
272378,215016,340442,-175450,25422,-154188
276654,214966,338697,-173771,24750,-153346
281652,214037,338532,-173155,23736,-152967
286802,213651,339573,-173301,23527,-153182
292718,213001,337637,-173261,22911,-153309
300572,213100,335479,-173897,22492,-153555
306835,214202,333470,-174405,22142,-153235
312154,216497,330243,-175197,21732,-153005
316617,219042,328179,-175920,21428,-152743
320100,222123,327350,-176482,21474,-152367
322836,224871,328210,-176767,21847,-151962
324985,226915,331028,-176921,22522,-151492
327427,228710,334751,-176934,23457,-151225
330375,230875,337629,-177056,24295,-151275
332704,232587,338544,-177068,24811,-151306
334508,234174,338698,-177261,24930,-151261
334850,235075,340821,-177890,25343,-151520
334995,235943,340835,-178861,25303,-151958
335289,237176,339885,-179588,25131,-152237
336769,238784,336621,-179832,24685,-152317
338703,240334,331714,-179803,24001,-152299
340887,241929,326245,-179452,23374,-151788
341454,242765,323894,-179457,22813,-151264
341282,242891,324017,-179422,22810,-150842
340982,242672,324788,-179406,22914,-150770
341309,242911,323946,-179391,22914,-150770
343670,243735,319838,-179349,22480,-150833
346241,245375,314345,-179234,22151,-150658
347158,245170,313743,-179247,22259,-150746
347603,245504,313527,-179274,22471,-150740
348622,246268,312922,-179329,22916,-150727
349123,246641,312390,-179346,23048,-150719
350049,247317,310251,-179324,22872,-150703
351103,248090,308089,-179301,22779,-150658
352229,248909,305074,-179218,22436,-150533
353074,249545,304660,-179142,22845,-150194
354181,250379,304027,-179062,23350,-149826
354684,250303,304206,-178724,23617,-149482
355216,250695,303180,-178723,23607,-149473
356295,251494,301227,-178727,23636,-149454
357557,252421,298407,-178692,23493,-149380
360039,252234,294634,-178965,23230,-149613
360979,251815,293655,-178962,23091,-149877
361730,251274,292842,-179093,23055,-150046
361730,251274,292842,-179093,23055,-150046
361736,251495,292485,-179220,22999,-150100
362216,252103,290529,-179320,22731,-150064
362324,252477,289709,-179490,22611,-150136
362883,252874,287880,-179465,22375,-150127
363788,253684,284599,-179522,21944,-150153
365194,253455,281761,-179442,21579,-150155
365099,254252,280166,-179894,21239,-150319
365179,254595,279406,179942,21127,-150387
365570,255365,277198,179675,20819,-150501
366615,256112,274693,179684,20734,-150490
367339,256624,271846,179727,20333,-150476
368180,257218,268712,179770,19935,-150461
368483,257622,267215,179677,19735,-150502
368677,257964,266469,179559,19696,-150551
368332,258449,266453,179124,19653,-150735
368883,259393,264492,178800,19584,-150870
369302,259870,263637,178683,19661,-150915
369603,260557,261549,178431,19369,-151027
369944,261076,260882,178299,19482,-150955
370268,261308,261024,178268,19747,-150964
370464,261446,260697,178264,19784,-150965
370711,261622,260039,178267,19759,-150963
370997,261824,258873,178284,19613,-150958
371273,262021,258192,178285,19604,-150957
371524,262198,257156,178300,19474,-150952
372055,262574,255284,178320,19297,-150944
372285,262738,254793,178318,19315,-150944
372446,262851,254110,178328,19229,-150941
372791,263098,254260,178434,19522,-150534
373163,263163,254383,178672,19770,-150064
373163,263163,254383,178806,19778,-149670
373277,263001,254383,178806,19778,-149670
373969,262016,254383,178806,19778,-149846
374289,261277,254325,178843,19672,-149861
375461,259583,254324,178843,19669,-150119
375179,259385,254201,178864,19440,-150114
374775,258975,254005,178975,19070,-150073
374042,258460,254180,179030,18466,-150063
373493,257439,256152,179466,17770,-149904
373560,255959,260371,-179605,17275,-149577
374897,254679,266968,-178359,17634,-149156
376847,252546,275000,-177315,18481,-148993
381716,244626,294360,-176595,21501,-149784
384563,231765,312361,-175420,24180,-150717
384843,231283,312312,-175233,24173,-150691
383923,232118,311376,-176797,23809,-151369
384444,230302,312535,-176808,23952,-151555
384727,226315,316681,-177051,24468,-152061
385154,221912,320883,-177086,25008,-152589
385318,217823,325082,-176975,25555,-152994
385957,210790,328675,-176980,25974,-153816
385322,199698,330980,-176976,25738,-155048
384799,189278,334150,-176195,25778,-155780
383434,176179,339478,-174642,26084,-156450
381295,166935,343851,-173268,26256,-156746
377672,161704,347300,-173389,26402,-157254
374652,158098,349472,-173476,26457,-157722
369502,154347,351834,-173363,26445,-158225
365179,151142,354440,-172852,26604,-158766
360048,147596,360345,-172607,27335,-159178
355432,144430,366697,-172400,28191,-159331
352063,141405,369436,-172076,28561,-159410
348860,136018,369611,-171644,28583,-160185
344492,124843,369996,-172074,28080,-162398
340742,110853,373599,-171802,28383,-164150
337203,99347,374417,-171376,28267,-165704
333819,89777,374565,-171764,28037,-167246
332080,81891,371104,-172345,27173,-168617
333285,67669,357741,-172435,24329,-170136
334193,57276,348464,-172411,22481,-171870
333504,47593,338069,-172063,20308,-172854
332633,41214,331050,-172366,18746,-173304
331340,38169,324926,-173210,17410,-173749
330008,33932,318820,-174137,16091,-174554
327565,32066,310646,-175517,14382,-175713
325379,32290,303935,-176108,13090,-176037
324010,33019,300443,-176829,12332,-176296
322582,33944,297007,-177526,11576,-176548
320875,34711,293887,-178137,10883,-176770
320074,35699,291319,-178824,10296,-177018
318740,36793,289136,-179056,9806,-176785
318412,36970,287345,-179342,9525,-176952
317766,37269,285518,-179573,9242,-177035
317764,37733,284493,-179876,9311,-177042
317776,38173,279320,179825,9751,-177134
317220,38112,274306,179836,9880,-176890
317974,38219,269561,179761,10900,-176883
317911,38030,267883,179876,11051,-176822
318879,38304,267655,179746,11734,-176763
319669,39844,267863,179692,12358,-176557
319788,40070,267893,179578,12445,-176600
319523,42123,267892,179444,12436,-176331
319061,45500,267893,179627,12447,-175417
318701,47956,267894,179651,12448,-174923
318115,51703,267894,179651,12448,-174248
317464,53265,266193,179655,12379,-173952
317546,54572,265817,179160,12625,-174085
318652,54326,265609,179415,13380,-173939
319452,54108,264087,179622,14113,-173809
318513,53804,259870,179770,14066,-173577
316706,53499,255317,179815,13530,-173501
315382,53274,251481,179847,12960,-173491
315270,53049,250300,180000,13075,-173402
315966,51818,250437,-179291,13433,-172974
316236,50688,250497,-178158,13488,-172094
316299,49619,250027,-177381,13508,-171635
316208,48854,249169,-176739,13498,-170878
316222,48372,248711,-176324,13520,-170391
316275,48410,247735,-176183,13702,-169716
315918,48481,247192,-176272,13569,-169737
315761,48448,247153,-176271,13465,-169745
315761,48448,247153,-176271,13465,-169745
315802,48242,247169,-176117,13463,-169653
315925,47632,247217,-175660,13458,-169381
315866,47119,247221,-175301,13348,-169177
315966,46634,247265,-174939,13341,-168962
316159,45721,247342,-174372,13327,-168625
316223,45419,247392,-174029,13317,-168421
316225,45409,247393,-174022,13317,-168417
316039,45365,247349,-174020,13194,-168430
315811,45310,247295,-174106,13083,-168833
315422,45198,247603,-174161,12779,-169168
315287,45117,248660,-174143,12485,-169226
316406,45273,251442,-174123,12763,-169261
317628,45466,254027,-174216,13214,-169742
317797,45413,256367,-174279,12985,-170243
316666,46569,257857,-174229,12110,-170114
315352,48256,260145,-173938,11202,-169785
315044,51253,262591,-173783,10763,-169197
315623,54074,267165,-173320,10914,-168497
316833,57072,271432,-172976,11240,-168001
316686,59084,275661,-172667,11230,-167413
316502,62105,279516,-172649,11141,-167080
316136,67491,287808,-172611,11085,-167083
316824,68594,289515,-172963,11377,-167257
316740,69867,291760,-172994,11604,-167346
316740,70849,294082,-173010,11636,-167239
316431,78341,300965,-172502,12361,-166340
318171,83414,310930,-170437,14599,-165438
318433,84141,314228,-169746,15346,-165526
318489,84380,316972,-168924,16058,-165210
318323,84624,319116,-167919,16394,-164932
318013,85278,325007,-165673,17614,-164210
316207,87846,329565,-164840,18985,-163919
312641,91164,334475,-164725,20175,-164050
309707,94336,339316,-164328,21294,-164053
307633,97776,341191,-164068,21977,-164158
305723,101091,343584,-164013,22766,-164376
303965,106315,343750,-164190,23123,-164405
301523,112574,343635,-164806,23331,-164587
298071,120081,343746,-166181,23501,-164747
294324,128512,343012,-168100,23319,-164869
290837,136307,342576,-169565,23285,-164759
287440,143147,342266,-170519,23173,-164354
283775,150059,341875,-171749,22987,-164148
279907,156950,341500,-172944,22754,-163805
275554,164240,341058,-174292,22387,-163215
271713,171210,339869,-175928,21842,-163181
269261,176768,337974,-177397,21218,-163706
268274,179589,336547,-178456,20730,-164396
269067,180914,334284,-178822,20233,-164800
269522,181960,333348,-179240,20157,-164966
270212,182665,332795,-179877,20220,-165263
270984,184182,332198,179436,20508,-165431
271777,186157,331405,178481,20764,-165702
273289,188374,328973,177845,20655,-165888
275208,189804,325809,177966,20355,-165820
277573,190833,322901,178506,20377,-165351
279785,192486,320681,178375,20707,-165318
281726,193974,318929,178203,21098,-165290
282609,194647,317971,178153,21210,-165273
283014,194954,317461,178187,21237,-165138
283056,195223,317512,178008,21311,-165200
283686,195683,316129,178098,21096,-165167
285705,197155,311602,178388,20397,-165064
288117,199071,305808,178665,19479,-164980
290001,201007,300146,178738,18410,-165009
291020,202669,296088,178509,17543,-165162
290827,203252,295144,178214,17143,-165323
290764,203336,295135,178143,17117,-165354
290866,203402,294462,178228,17020,-165351
290692,203526,294580,178084,16884,-165402
290440,203312,294140,178230,16552,-165385
290813,203573,292582,178388,16173,-165355
291345,203960,291199,178473,15965,-165331
291807,204534,289664,178439,15690,-165362
292013,205145,288495,178262,15426,-165451
292170,205480,287776,178189,15276,-165491
292402,205640,286610,178314,14974,-165469
293743,206618,282933,178537,14427,-165413
294809,207613,278924,178724,13635,-165404
295836,208546,273357,179078,12468,-165369
297038,209446,269160,179356,11734,-165323
298188,210285,265570,179567,11208,-165281
298850,210768,263454,179690,10899,-165257
299442,211200,261533,179801,10619,-165236
299986,211596,259740,179905,10358,-165217
301328,212575,255195,-179833,9698,-165172
302594,213498,250742,-179579,9055,-165131
303841,214415,246723,-179394,8577,-165095
305064,215334,244592,-179461,8721,-165071
306136,216148,243236,-179590,9020,-165054
306671,216353,243096,-179591,9309,-165001
307236,216555,242498,-179527,9469,-164938
307145,216488,242806,-179541,9505,-164941
307145,216488,242806,-179541,9505,-164941
307336,216238,242829,-179342,9581,-164845
307340,216233,242830,-179338,9582,-164843
307362,216250,242834,-179345,9599,-164843
307490,216350,242859,-179384,9694,-164842
307490,216350,242859,-179384,9694,-164842
307294,216197,242821,-179324,9548,-164843
306950,215928,242756,-179218,9292,-164847
306842,214911,243145,-178912,8878,-164892
307410,213304,243999,-178269,8670,-164824
308866,210288,246878,-177820,8673,-165114
310117,207580,251998,-177103,9134,-165120
311066,205274,257784,-176327,9611,-165050
313341,202216,264592,-175771,10015,-165402
317981,198276,272310,-176182,11408,-166243
322222,194827,281586,-176434,13162,-166370
324601,192358,283968,-176626,13456,-166411
327055,189543,285313,-177309,13608,-166788
329213,186227,285913,-177722,13576,-167243
331451,182138,285812,-178158,13367,-167654
333143,178953,285720,-178718,13179,-168436
334206,176866,285601,-179582,12903,-169296
333999,176221,284315,179665,12368,-169477
335566,173591,280859,179036,11395,-169925
336910,170412,278327,178211,10774,-170459
338768,165824,274646,178359,9986,-170884
340164,160647,272064,178994,9707,-171361
340978,156259,269889,-179834,9430,-171296
340359,155011,267449,-179941,8851,-171561
339064,155606,265049,179487,8252,-171790
337399,156293,262417,178815,7454,-172071
335856,157437,260817,177887,6698,-172436
335299,157176,259542,177972,6430,-172427
335596,156396,259099,178348,6549,-172292
336038,155921,259132,178872,6838,-171852
336381,155601,259162,179133,7028,-171600
336381,155601,259162,179133,7028,-171600
336381,155601,259162,179133,7028,-171600
336381,155601,259162,179133,7028,-171600
336381,155601,259162,179185,7034,-171180
336381,155601,259162,179214,7037,-170943
335853,156729,259154,179028,6975,-170359
335302,157894,259143,178581,6843,-169551
334369,159858,259141,178339,6777,-168249
333831,160575,259120,178485,6697,-167081
333940,160348,259120,178579,6718,-166315
334168,159506,259105,179181,6737,-165871
334783,158232,259130,-179903,6917,-165518
335309,157156,259169,-179130,7066,-165239
335573,156622,259195,-178745,7139,-165099
335625,156517,259200,-178669,7154,-165072
335728,156308,259212,-178532,7166,-165157
335830,156101,259224,-178383,7213,-165066
336036,155687,259249,-178123,7279,-165269
336371,155015,259296,-177706,7393,-165627
336656,154446,259341,-177329,7486,-165748
336820,154120,259369,-177099,7535,-165705
336535,153983,260224,-177171,7682,-166050
336248,153845,261079,-177236,7825,-166329
335969,153712,261904,-177286,7958,-166504
335388,153432,263608,-177357,8222,-166616
334742,153122,265473,-177439,8511,-166754
334164,152776,267201,-177473,8786,-166852
333876,152638,268011,-177500,8910,-166856
332883,152520,270429,-177532,9319,-167150
331378,153711,272179,-177230,9549,-166745
329815,155088,274386,-176727,10029,-166352
329017,155823,276667,-175901,10630,-166028
327550,157219,278594,-175424,11072,-165704
325716,158720,280944,-175420,11462,-165407
324339,159319,283259,-175241,11871,-165077
323452,159257,286240,-175420,12405,-165461
323298,159713,288088,-175592,12714,-165899
323583,159671,290149,-175689,13250,-166267
322368,161189,292728,-175390,13717,-166050
321109,162153,295908,-175516,14421,-166114
318499,164683,301141,-175246,15416,-165307
315460,167159,306855,-174786,16564,-164586
311524,169127,311976,-174349,17591,-164138
307726,169452,317855,-174344,18595,-163786
306472,168087,321282,-174121,19261,-163926
305261,167191,323931,-174275,19735,-164298
303021,167163,327073,-174332,20240,-164559
299390,167676,331954,-174887,21094,-165118
292911,169671,339024,-176470,22040,-165656
287859,170298,344850,-178294,22718,-166903
280953,172862,351285,179738,23437,-167870
276333,173638,355203,178102,23669,-168712
271115,176645,356319,177157,23487,-168298
266490,179971,357430,175954,23240,-168155
261626,184852,358643,174755,22939,-167979
257468,190564,358537,173487,22451,-168119
253301,196040,358453,172181,21907,-168392
249579,200704,358265,171287,21480,-168529
245636,205507,358252,170737,21237,-168465
241680,210145,358253,170507,21139,-168030
237725,214846,358321,170091,21075,-167941
232319,220674,358300,169200,20610,-168091
228288,225071,358358,168428,20308,-168323
225124,228924,357695,168085,19973,-168326
222314,232524,356830,167898,19677,-168116
219815,236991,354698,167875,19213,-167933
217437,240901,352899,167825,18795,-167560
214536,245133,351015,167239,18200,-167137
212808,249017,349697,166990,18264,-166915
211407,252707,348359,166627,18303,-167039
210855,256293,346098,166337,18122,-167451
210567,258422,344040,166244,17944,-167643
211095,260306,342224,166230,17902,-167602
210667,262208,341150,166156,17926,-167460
210643,263617,340565,165985,18104,-167397
210518,267027,337770,166039,18041,-167006
210959,270573,333161,166484,17512,-166561
212705,273801,327134,167136,16728,-166268
215780,277482,320393,167794,15930,-166111
217585,279803,313063,168568,14980,-165905
218807,281375,309302,168954,14502,-165807
219763,282604,306291,169245,14110,-165792
220486,283533,303974,169479,13817,-165735
221407,284718,300965,169782,13439,-165664
222274,285832,298074,170070,13077,-165598
223185,287004,294971,170378,12689,-165529
223776,287764,292920,170579,12433,-165485
223420,289006,291284,170166,11795,-165674
222680,289499,291039,169771,11313,-165839
222257,290203,290412,169418,10910,-165984
221578,290612,290657,168953,10590,-166234
221216,291152,290247,168663,10275,-166349
220813,291725,289846,168344,9938,-166473
220236,292451,289440,167904,9498,-166639
220065,292846,289018,167746,9283,-166704
219938,292947,289030,167659,9214,-166735
220055,293097,288609,167701,9162,-166728
219715,293247,288611,167548,8961,-166785
219590,293346,288624,167462,8893,-166815
219548,293592,288682,167294,8896,-166869
219537,293810,288738,167147,8916,-166916
219703,294358,288100,167018,8846,-166970
219542,296216,288244,166304,9293,-167058
218771,298706,286925,165989,9427,-166886
218289,299980,285370,166017,9165,-166761
217711,300748,284723,166082,9088,-166608
217231,302679,281673,166578,8889,-166193
216549,304527,279011,166942,8659,-165831
216096,306641,276433,167062,8529,-165581
216707,308428,273344,167269,8504,-165434
217235,309238,271338,167705,8611,-165366
217983,309676,269258,168025,8427,-165707
218759,310076,267175,168421,8340,-165683
219393,310155,265973,168768,8387,-165662
220491,310168,263018,169669,8256,-165381
221761,309437,259087,170949,8272,-164960
223208,309379,251719,172618,7513,-164513
224332,309264,244568,174102,6670,-164272
224191,308807,242071,174518,6284,-164308
224206,307651,239201,175231,6101,-164207
225527,305872,236959,176609,6593,-163758
226133,304651,232541,177721,6401,-163710
226471,304180,230074,178202,6343,-163705
226203,303865,228830,178212,6269,-163871
226155,303800,228693,178231,6245,-163869
226427,303853,228723,178204,6408,-164251
226499,303955,228737,178140,6465,-164373
226878,303689,228759,178382,6654,-164242
227214,303526,229953,178443,6969,-164152
227515,302424,232439,178293,7329,-164247
228343,301532,233278,178509,7657,-164274
228903,300897,236821,178634,8362,-164216
230491,300904,239717,178302,8957,-164393
231743,299797,242021,178463,8783,-164530
235050,297782,245839,178746,8897,-165079
239721,296456,251704,178690,9467,-165313
244422,294812,257524,178864,10182,-165054
247624,293810,262419,178709,10799,-164885
251541,292662,266593,178385,11447,-164751
255961,291082,270624,177973,12123,-164654
261680,288612,275940,177656,13012,-164458
267872,285635,278220,177582,13401,-164447
274277,282947,281404,177403,13923,-164306
280297,280351,282221,177210,14026,-164098
287109,276224,283042,177150,14137,-164207
299561,268619,285615,177183,14736,-164206
300216,268177,286194,177167,14823,-163829
302179,268741,285429,176231,14417,-164378
305789,267694,283827,175097,14003,-165383
311016,264071,280793,175078,13772,-166286
316442,259456,278700,175201,13745,-166866
321166,255558,276981,175382,13886,-167159
324877,253838,275294,175027,14229,-167475
325827,254195,273489,174589,13947,-167789
325783,255510,271783,173991,13507,-168024
327179,256188,268406,173694,13047,-168018
328683,256177,266485,173683,13068,-168149
330893,255113,263250,174255,12842,-168179
333951,253316,259223,175021,12589,-168255
335576,253329,255712,175188,12249,-168351
336955,253405,252013,175211,11702,-168534
337716,253951,248913,175411,11329,-168491
338186,254306,246917,175550,11093,-168366
338186,254306,246917,175608,11116,-168062
338331,254115,246921,175791,11197,-167829
338342,254102,246921,175887,11234,-167382
337975,253820,246825,176119,11001,-166811
336831,252944,246541,176618,10195,-166100
335881,252216,246323,177067,9537,-165207
335489,251916,246238,177290,9275,-164566
335319,251508,246178,177615,9127,-163903
335363,251380,246173,177730,9138,-163717
335363,251380,246173,177730,9138,-163717
335363,251380,246173,177730,9138,-163717
335602,251067,246182,178056,9248,-163122
335757,250864,246189,178326,9326,-162387
335846,250748,246193,178463,9366,-162076
336247,250225,246215,178879,9508,-161923
336332,250114,246220,178968,9538,-161890
336484,249917,246230,179126,9591,-161831
336600,249766,246238,179246,9632,-161786
336400,249614,247089,179208,9742,-161793
336469,249524,247094,179280,9766,-161766
336469,249524,247094,179280,9766,-161766
336246,249254,247042,179400,9581,-161746
336246,249254,247041,179401,9577,-161746
336246,249254,247041,179401,9577,-161746
335908,249693,247017,179051,9458,-161875
335586,250112,246998,178717,9345,-161997
335428,250009,246967,178714,9224,-162211
334717,250593,246927,178628,9053,-162351
334525,250915,246929,178502,9039,-162402
334307,251199,246914,178158,8917,-162526
333265,252167,247703,177243,8708,-162845
333200,252878,248863,176806,8730,-162987
333404,253033,249457,176745,8845,-163100
333570,253158,249943,176708,8943,-163106
333766,253307,250521,176664,9060,-163113
334197,253634,251921,176569,9313,-163128
334400,253788,252532,176523,9436,-163135
334069,254799,252983,175821,9392,-163366
333801,255154,252989,175543,9289,-163461
333532,255510,252998,175264,9184,-163557
333429,255647,253002,175176,9154,-163471
333429,255647,253002,175176,9154,-163470
333429,255647,253002,175212,9173,-163242
333429,255647,253002,175239,9187,-163073
333429,255647,253002,175280,9208,-162816
333627,255385,252998,175382,9245,-162781
333878,255052,252987,175838,9415,-162113
334676,253998,252977,176994,9805,-159935
334676,253998,252977,177247,9878,-158459
334676,253998,252977,177353,9907,-157842
334676,253998,252977,177353,9907,-157842
334676,253998,252977,177353,9907,-157842
334676,253998,252977,177353,9907,-157842
334676,253998,252977,177353,9907,-157842
334676,253998,252977,177353,9907,-157842
334304,254488,252979,176954,9801,-157980
335245,252636,254530,178222,10364,-157528
335247,252634,254530,178223,10364,-157528
335536,252580,255019,178296,10495,-157715
335596,252626,257268,178142,10864,-158006
335251,252364,259770,177885,11205,-158819
338019,252914,267227,178075,12795,-159567
338889,253578,269757,177722,13471,-160118
340548,254837,275902,177231,14619,-160733
341005,255182,278144,177113,14870,-160758
341825,255804,283463,176780,15962,-160856
341766,255759,286939,176510,16518,-161174
340982,256208,287867,176340,16617,-161403
339877,256465,289738,176132,16820,-161859
338250,256577,292858,176007,17236,-162091
336642,257040,295362,176195,17657,-161777
335529,257092,297443,176004,17903,-162006
333500,258144,299765,175758,18169,-162186
331764,258320,302811,175921,18702,-162570
327756,260096,306673,176300,19421,-162787
323052,260798,313047,176346,20397,-162969
318469,261151,317174,176594,21126,-163462
314702,261115,321020,176781,21661,-163800
311412,261640,323600,177033,22238,-163984
308681,260169,324669,177648,22510,-164204
303829,258465,326422,178029,22654,-164206
299968,256019,327664,177912,22562,-164807
295003,253077,328865,178211,22424,-165026
291609,250915,327695,178708,22134,-164815
288371,248756,325681,179042,21540,-164597
285085,246853,324933,179149,21259,-164530
282443,244387,324300,179070,20932,-165183
279940,242063,323313,178945,20640,-165917
276458,239814,323548,178346,20193,-166771
272100,237749,322713,177464,19343,-167567
267770,235405,322714,176692,18693,-168227
263580,232880,321196,176306,17885,-168543
260165,230188,318332,176293,17068,-169215
257309,227844,314504,176576,16503,-169467
254389,225961,311543,176589,15364,-169540
251578,224710,307942,176449,14317,-169669
248002,222912,305664,176105,13591,-169903
244652,221201,302927,175850,12452,-170239
239157,215530,298442,176185,11295,-171075
236114,211742,290426,177290,9895,-171067
234958,210380,288715,177467,9793,-171328
233627,207260,287069,178424,9793,-171568
231081,202017,284411,180000,9743,-172164
230158,200096,280195,-179150,9443,-172011
228455,198509,275761,-178521,8553,-171925
228183,198013,275545,-178499,8732,-171866
227442,196832,273989,-178056,8514,-171747
226751,194980,270665,-177513,7962,-171769
225722,193998,268285,-177137,7445,-171728
224583,192962,264984,-176810,6961,-171668
223219,191705,261679,-176384,6341,-171618
221321,189950,257365,-175795,5485,-171563
220495,187320,253492,-175289,4743,-171791
218733,184750,248958,-174630,3783,-171894
217948,184485,247763,-174650,3439,-171973
217388,183997,246019,-174565,3295,-171940
215850,182571,243662,-174051,2566,-171950
216296,183030,243134,-174350,2958,-171897
216296,183030,243134,-174350,2958,-171897
216296,183030,243134,-174350,2958,-171897
216296,183030,243134,-174350,2958,-171897
216296,183030,243134,-174350,2958,-171897
216296,183030,243134,-174350,2958,-171897
216415,182909,243153,-174261,3018,-171850
216415,182909,243153,-174261,3018,-171850
216454,182947,243152,-174281,3045,-171848
216454,182947,243152,-174276,3035,-171747
216454,182947,243152,-174276,3035,-171747
216454,182947,243152,-174276,3035,-171747
216682,183172,243147,-174395,3196,-171731
217091,183331,243163,-174453,3460,-171662
217677,183606,243184,-174566,3844,-171571
217913,183849,243472,-174770,4123,-171552
218085,184012,244349,-174916,4336,-171555
218270,184180,244727,-174966,4410,-171559
218877,184731,245979,-175130,4655,-171572
220523,186024,249983,-175396,5227,-171488
221827,186629,253499,-175337,5631,-171455
222829,187522,256177,-175578,6004,-171502
223973,188502,260349,-175760,6318,-171597
225013,189266,262603,-175974,6790,-171595
228155,193790,273559,-177586,8300,-172041
231482,198271,286053,-179669,10037,-172559
232051,199720,288274,179521,10391,-172764
232213,204753,296994,177623,11214,-172947
232477,210211,306244,176006,12739,-172731
232446,210816,306929,175607,12753,-172850
230866,212534,308232,175668,12754,-172414
230301,215100,312143,175548,13649,-171868
227782,220790,318097,174730,14729,-171008
225679,225497,323289,174153,15861,-170536
223382,230960,330445,174013,17689,-170304
222316,233543,335849,173769,19013,-170494
220496,236549,339759,173702,20042,-170248
218902,240198,342863,173519,20692,-170193
218169,245627,343225,173246,20909,-169979
218418,249996,343723,173101,20983,-169745
221383,253203,344686,173064,21394,-169750
225110,256348,345401,173365,22028,-169649
228848,259787,345901,173582,22575,-169579
233597,264511,345142,173650,22707,-169422
237124,269454,342481,173652,22471,-169158
240791,274544,339886,173719,22334,-168616
244557,280037,336285,173941,21985,-167755
249101,283271,334793,174171,22026,-166849
254401,285853,333148,174522,22165,-166171
260031,288280,330923,174816,22218,-165824
263791,292669,328413,174682,22046,-165758
267813,296299,325837,173729,21396,-166226
271235,300409,324246,172115,20592,-167154
275787,303502,321398,171645,20222,-167552
281761,306766,318229,171264,20077,-168069
285866,309524,316040,171216,20137,-168254
289873,311271,313391,171261,20081,-168485
291722,313959,309814,171206,19775,-168456
293602,315460,305206,171422,19105,-168391
294564,317454,300052,171533,18331,-168229
295876,319104,294805,171886,17720,-168121
296263,319861,292694,171931,17410,-168110
296349,320225,291840,171897,17250,-168122
296088,320460,291819,171698,17111,-168187
295588,320910,291782,171316,16844,-168308
295158,322010,290361,170832,16280,-168463
295163,322889,288616,170644,15865,-168527
295069,322974,288612,170573,15815,-168548
295069,322974,288612,170595,15828,-168469
295738,323730,288952,170257,16412,-168291
295921,324528,289190,169741,16640,-168432
296352,325015,289422,169471,16989,-168499
296914,325650,289733,169117,17446,-168590
297344,326363,290038,168687,17827,-168710
297651,327519,290442,167924,18182,-168942
298000,328555,290842,167244,18549,-169155
298497,329635,290003,166824,18672,-169292
299173,330644,289409,166432,18962,-169419
299299,331473,289711,165853,19148,-169617
299883,332120,289249,165646,19402,-169686
300140,332405,289255,165510,19568,-169731
300477,332778,288497,165495,19587,-169736
300717,333043,287526,165575,19489,-169709
300923,333272,286683,165645,19404,-169686
301017,333376,285755,165791,19225,-169638
301117,333487,283742,166278,18858,-169146
301173,333548,283668,166353,18938,-168879
301023,333382,282543,166761,18621,-168462
301167,331773,282331,168209,18768,-167043
301305,331027,282156,169153,18976,-165624
301489,330637,282100,169784,19203,-164527
301858,330101,282059,170467,19463,-163655
301421,329357,281753,170974,19108,-163214
301881,328433,281632,171724,19202,-162946
302383,327981,281667,172147,19440,-162783
302422,327947,281670,172179,19458,-162771
302422,327947,281670,172179,19458,-162771
302552,327830,281680,172289,19519,-162728
302552,327830,281680,172289,19519,-162728
302552,327830,281680,172289,19519,-162728
302552,327830,281680,172289,19519,-162728
302552,327830,281680,172289,19519,-162728
302781,327868,282372,172268,19675,-162829
303808,326260,283888,173567,20052,-162378
303280,326510,284478,173857,20091,-162167
302166,327729,285018,173779,20176,-161987
300716,328920,286363,174246,20395,-161503
299031,330035,289566,174794,20623,-161220
296394,331915,293665,175541,21010,-160761
294772,333752,297608,176029,21797,-160485
294330,334771,299924,176573,22634,-160237
295581,334178,301895,177391,23503,-160042
297248,332960,302974,178477,24322,-159975
298959,331501,304010,179739,25119,-159857
299856,330507,304159,-179328,25458,-159517
299555,330208,305873,-178353,26257,-159252
297656,330048,309468,-178712,26887,-160123
296499,330127,311161,-179282,27089,-161030
295155,329005,315349,-179543,27693,-161440
293781,328303,318748,179940,28183,-162354
290968,327449,324091,-179863,29118,-162623
288059,326978,328163,-179325,30416,-162859
284659,326295,332215,-178946,31282,-162742
282192,324664,334940,-178833,31785,-163078
280736,321232,337398,-177959,32543,-163194
280970,317763,338284,-176474,33308,-162893
281590,311181,340337,-173734,34466,-161963
281929,309395,339790,-172514,34821,-161290
282626,306033,340382,-171415,35273,-160884
286326,300436,338780,-170148,35337,-160872
289230,293812,341636,-168962,36075,-160911
292502,286003,346677,-167409,37226,-160890
295876,277932,354391,-165896,38978,-160840
299003,270375,360541,-164908,40262,-161126
303276,261294,366157,-164289,41331,-161969
306187,253584,371500,-163690,42345,-162573
309249,244944,377481,-162676,43519,-162937
312264,234497,385140,-161318,45083,-163320
314740,224937,391165,-161009,46108,-164358
316650,217060,395480,-161305,46716,-165630
317231,211311,399298,-161709,47224,-166627
318227,206225,401887,-162129,47534,-167615
319363,199551,405170,-162868,47878,-169046
321318,189380,409031,-163498,48347,-170673
323988,179526,413112,-163980,48897,-172741
329349,156830,419344,-165926,49368,-177511
333486,145170,420542,-165877,49396,-179165
334819,140078,421249,-166050,49417,179863
335346,136021,422010,-166520,49183,179212
335646,128254,425311,-164609,49306,-179365
335747,125660,426497,-163713,49393,-178695
336145,118917,428866,-163176,49611,-178932
334524,109375,435041,-161693,50540,-178496
333283,96969,442324,-158566,51968,-178249
331805,85788,449733,-153839,53644,-175984
331571,81373,451775,-151785,53711,-174650
332737,77168,452987,-148500,53412,-171944
333642,71179,454988,-145190,53543,-170232
333182,70520,455739,-143621,53056,-168708
333287,70447,455107,-143212,52092,-167463
332038,68765,455675,-143880,51686,-167356
330586,62555,457743,-144117,51530,-167906
328538,54255,461102,-143317,51470,-167948
325058,45144,465772,-142287,51564,-167861
322236,35309,469046,-141416,51277,-168209
318534,27742,471565,-141905,50691,-168841
314730,20254,473761,-143826,50454,-170377
309789,11484,476701,-145478,50109,-171586
305214,2550,480277,-145407,50048,-171924
302055,-4535,482201,-145255,49596,-171955
300049,-9481,482274,-146209,49261,-172559
298185,-14722,483216,-147102,48930,-173240
293657,-19275,485033,-148375,48897,-174138
288721,-24254,486959,-148761,48985,-174467
277245,-31804,492047,-149030,49234,-174728
271807,-35211,493525,-148661,49135,-174291
265093,-36779,493495,-148523,48721,-173791
259685,-35487,490624,-149794,48012,-173474
254102,-34381,488369,-150771,47689,-173626
248358,-33839,487531,-151403,47721,-173873
241728,-33802,487473,-151531,47877,-173916
235116,-33706,487325,-151715,48054,-173981
229057,-33027,486317,-152477,48156,-174278
223722,-31639,484667,-153866,48294,-174775
219262,-30219,483145,-155256,48841,-175291
215370,-29087,482440,-156586,50098,-176024
211269,-28824,482590,-156954,51657,-176270
206479,-28804,482908,-157055,53124,-176362
201467,-28880,483145,-157379,54627,-176797
196669,-28886,482895,-157665,55881,-177112
192302,-28936,482655,-157768,57294,-177245
187961,-29285,482276,-157700,58667,-177407
183515,-29517,481820,-157797,60053,-177663
178809,-29854,481474,-157657,61408,-177719
174074,-30310,481179,-157167,62823,-177471
169404,-30384,480643,-157505,64287,-177859
164863,-30411,479859,-156983,65532,-177261
160499,-30159,478761,-156984,66712,-177038
151519,-29511,477634,-156062,69300,-175515
142132,-28873,473508,-155167,71579,-173821
137018,-28639,472247,-154056,72878,-172824
132783,-28228,470349,-154055,74426,-172423
128591,-27717,468438,-154510,75605,-172525
124536,-27075,466805,-154123,76910,-171679
118027,-26155,463586,-152415,78621,-169388
113895,-25706,461893,-148704,79771,-165218
109834,-25243,459650,-147009,80851,-163192
105925,-24607,457392,-143956,81842,-159689
102008,-24042,455151,-138211,82702,-153535
98074,-23381,452692,-132070,83501,-146936
93394,-22702,450189,-124796,84313,-139194
90512,-22011,447607,-115080,84867,-129026
86821,-21314,444961,-103258,85237,-116744
83062,-20806,442159,-90151,85478,-103320
79306,-20392,439171,-76776,85665,-89732
75675,-20193,436048,-63066,85658,-76008
72067,-20199,432724,-51111,85477,-64268
68412,-20206,429460,-42069,84869,-55593
64013,-20086,425067,-35273,84218,-49274
60018,-19409,420771,-32391,83179,-46557
55385,-18712,415907,-28276,81876,-42934
51386,-18168,412064,-25611,80428,-41000
46476,-17092,407189,-23213,78826,-39201
42439,-15982,401158,-16140,77835,-32650
34376,-12678,389789,-5171,75099,-21405
32299,-11238,382192,-2374,73297,-18001
38230,-11523,370307,-2521,73215,-17451
42027,-11988,362877,-3023,73726,-17691
44771,-12113,358375,-2575,73668,-16896
46918,-12145,354094,-2859,73471,-16896
50371,-12288,346455,-3323,73461,-16954
52462,-12379,341429,-3596,73529,-16983
54806,-12475,335394,-3897,73655,-17005
59637,-12490,322546,-4275,73663,-16721
61350,-12664,315581,-4540,74279,-16807
63153,-13079,308767,-4838,75444,-17091
64837,-13473,301834,-5192,76635,-17434
66379,-13800,294908,-5120,77758,-17321
67700,-13947,288496,-4419,78523,-16492
68792,-13937,282749,-2737,78958,-14608
69607,-13611,278139,-2354,78641,-13896
70314,-13237,273565,-2643,78341,-13855
71065,-13089,267976,-1198,78605,-12177
71883,-13215,261150,233,79619,-10683
72599,-13382,254041,1161,80812,-9752
73173,-13517,246886,1675,82011,-9244
73650,-13797,239063,2651,83678,-8381
73972,-14194,230516,4805,85783,-6435
74061,-14666,221383,13220,88230,1691
73877,-15062,212191,149305,89141,137498
73419,-15440,203163,167681,86732,155561
72776,-15818,195389,172819,84334,160361
72209,-16125,190399,173903,82557,161160
71910,-16386,188637,174827,81559,161875
71698,-16572,187567,174812,80874,161705
71351,-16843,185935,174381,79820,161030
70875,-17155,183885,173743,78486,160090
70365,-17442,181889,174098,77201,160165
69852,-17695,180043,174485,76009,160295
69327,-17928,178295,174999,74880,160569
68840,-18128,176776,175513,73895,160872
68520,-18251,175827,175810,73277,161038
68384,-18301,175433,175930,73020,161102
68384,-18301,175433,175930,73020,161102
68417,-18308,175676,175915,73061,161089
68413,-18329,175680,176266,73071,161442
68413,-18329,175680,176268,73071,161444
68397,-18411,175696,177675,73105,162860
68373,-18530,175721,179731,73135,164928
68363,-18582,175733,-179046,73140,166170
68419,-18558,175891,-179061,73245,166179
68728,-18420,176786,-179160,73677,166203
69011,-18289,177632,-179256,74387,166239
69386,-18105,178612,-179371,75027,166269
69530,-18035,179261,-179305,75450,166430
69530,-18035,179261,-179305,75450,166430
69527,-18048,179264,-178932,75450,166807
69477,-18074,179103,-178916,75345,166799
69474,-18091,179107,-178434,75345,167286
69474,-18091,179107,-178434,75345,167286
69474,-18091,179107,-178434,75345,167286
69474,-18091,179107,-178434,75345,167286
69474,-18091,179107,-178434,75345,167286
69474,-18091,179107,-178434,75345,167286
69579,-18115,178969,-178437,75235,167283
69579,-18115,178969,-178437,75235,167283
69629,-18165,178675,-178428,75023,167269
69939,-18238,178261,-178438,74695,167260
70212,-18302,177892,-178446,74403,167252
70539,-18417,177207,-178443,73884,167231
70795,-18477,176852,-178450,73606,167225
71335,-18603,176090,-178463,73011,167211
72078,-18457,175292,-178477,72393,167312
72794,-18076,174261,-178493,71602,167830
73562,-17193,173457,-178820,70993,168264
74100,-15984,173066,-178814,70696,169248
74399,-14494,173075,-178814,70703,170397
74791,-12312,173075,-178814,70703,172072
75033,-10745,173075,-178814,70703,173271
75143,-9525,172922,-178797,70601,174218
75130,-7986,172944,-178778,70633,175402
74954,-6437,173183,-178761,70830,176589
74674,-4865,173774,-178761,71281,177778
74152,-3321,174655,-178761,71959,178954
73455,-1831,175357,-178736,72532,-179860
71945,-569,176044,-178641,73202,-178721
70184,-114,175978,-178493,73220,-178094
68867,-282,176162,-178412,73761,-178065
68106,-374,176768,-178403,74301,-178097
67964,-379,176947,-178406,74452,-178100
67964,-379,176947,-178406,74452,-178100
67964,-379,176947,-178406,74452,-178100
67964,-379,176947,-178406,74452,-178100
67964,-379,176947,-178406,74452,-178100
67964,-379,176947,-178406,74452,-178100
67964,-379,176947,-178406,74452,-178100
67964,-379,176947,-178406,74452,-178100
67964,-379,176947,-178406,74452,-178100
67964,-379,176947,-178406,74452,-178100
67964,-379,176947,-178406,74452,-178100
67964,-379,176947,-178406,74452,-178100
67964,-379,176947,-178406,74452,-178100
67964,-379,176947,-178406,74452,-178100
67964,-379,176947,-178406,74452,-178100
67960,-323,176935,-179303,74449,-178994
67951,-175,176903,178357,74424,178674
67981,112,177020,175543,74458,175942
68165,528,177714,172646,74831,173220
68387,958,178585,169339,75267,170100
68486,1233,178994,167574,75444,168467
68557,1530,179304,166096,75562,167145
68691,1816,179879,165427,75904,166662
68898,2098,180788,164861,76477,166295
69003,2313,181281,164363,76775,165940
68996,2494,181277,164534,76783,166232
68990,2643,181275,165440,76839,167259
